Location ID,Person ID
1,1
2,2
3,3
4,4
5,5
6,6
7,7
8,8
9,9
10,10
11,11
12,12
13,13
14,14
15,15
16,16
17,17
18,18
19,17
20,19
21,20
22,15
23,21
13,22
13,23
13,22
13,23
24,21
25,23
25,24
25,23
25,24
26,25
27,26
28,27
29,28
30,29
30,30
30,29
30,30
31,31
32,32
33,33
34,34
35,35
15,36
36,24
37,37
23,38
31,39
38,40
38,41
38,40
38,41
39,42
40,43
41,20
42,44
43,45
43,46
43,45
43,46
44,47
44,48
44,47
44,48
45,49
46,50
47,51
14,50
48,52
49,53
50,54
51,18
52,37
53,55
54,56
55,57
51,58
56,59
57,60
37,61
58,44
59,62
39,63
60,64
61,39
62,65
41,66
63,67
64,68
65,69
66,70
59,71
67,72
14,73
68,69
69,74
27,75
27,76
27,75
27,76
7,77
70,78
71,79
72,80
73,21
57,81
74,82
40,12
55,83
75,59
70,84
76,17
75,85
77,86
78,87
77,6
79,88
79,2
79,88
79,2
55,89
55,50
55,89
55,50
80,88
59,90
26,91
81,92
82,93
61,72
83,94
84,95
85,32
86,45
87,96
87,97
87,96
87,97
88,98
89,62
90,99
91,100
59,101
15,102
23,103
92,104
44,105
93,106
47,107
7,12
7,108
7,12
7,108
94,63
95,109
67,110
96,111
97,112
98,113
99,92
100,114
101,24
102,26
81,115
78,116
103,117
104,9
104,118
104,9
104,118
105,119
106,18
107,120
108,117
109,121
2,122
50,69
68,123
14,124
110,125
111,126
112,117
113,127
113,128
113,127
113,128
1,129
114,130
87,17
115,131
71,132
71,133
71,132
71,133
70,49
14,134
116,58
117,135
63,53
17,136
118,8
119,137
9,138
85,139
120,140
77,12
77,141
77,12
77,141
121,142
40,143
122,110
47,65
123,144
124,57
125,33
116,145
61,146
126,98
127,92
128,147
129,148
130,149
131,150
132,144
11,151
130,152
15,72
133,153
134,17
135,154
18,92
136,142
131,155
115,153
137,156
138,157
139,68
128,158
128,23
128,158
128,23
13,159
13,160
13,159
13,160
140,161
128,117
141,105
142,45
77,98
143,162
144,163
113,164
145,165
146,166
147,167
147,168
147,167
147,168
148,31
15,169
82,8
149,170
84,171
150,153
151,171
85,172
152,2
16,44
153,31
154,13
150,173
33,174
155,175
110,44
138,176
156,124
157,89
158,177
59,152
84,178
159,179
160,180
92,98
161,181
162,182
163,183
164,184
16,185
61,161
61,186
128,187
40,69
15,188
40,189
165,190
32,104
32,71
32,73
32,97
32,104
32,71
32,73
32,97
32,104
32,71
32,73
32,97
32,104
32,71
32,73
32,97
166,191
167,192
168,79
28,116
169,18
129,138
170,171
171,193
116,77
116,123
116,77
116,123
172,69
173,1
148,68
174,68
175,194
176,188
78,195
177,196
149,176
178,77
179,197
180,48
180,198
180,48
180,198
169,167
181,199
64,200
182,201
183,41
155,15
63,202
184,117
185,203
86,171
186,86
61,204
187,161
77,37
188,205
76,27
81,105
155,206
189,207
190,72
104,208
47,209
81,210
54,211
191,143
192,86
193,212
165,213
57,110
155,214
155,215
194,216
194,217
194,216
194,217
195,90
113,45
196,218
166,219
197,220
198,70
51,221
51,96
51,221
51,96
199,222
108,188
200,223
201,224
114,225
28,226
15,227
202,168
203,77
81,69
204,228
205,142
116,117
206,229
207,230
208,231
209,232
202,115
210,233
16,234
211,235
212,236
77,234
77,171
77,234
77,171
143,21
213,207
181,237
4,67
41,238
166,148
166,131
166,148
166,131
174,239
214,216
116,187
185,15
84,45
210,8
108,123
215,78
216,240
72,187
63,241
63,96
63,242
63,241
63,96
63,242
63,241
63,96
63,242
217,218
179,144
192,243
25,191
218,230
219,244
26,245
34,246
220,105
113,121
221,143
222,106
20,21
6,181
223,247
72,68
27,248
28,6
86,147
51,249
143,250
113,251
27,252
78,253
50,59
25,254
224,57
224,255
224,57
224,255
225,23
225,201
225,23
225,201
28,175
15,186
226,210
119,11
69,256
227,153
208,257
200,258
43,259
228,116
229,260
84,220
230,135
114,65
156,216
156,258
156,216
156,258
87,15
87,143
87,15
87,143
231,261
232,105
195,31
233,188
233,175
233,188
233,175
234,248
130,54
59,262
59,259
59,262
59,259
235,13
45,263
236,264
91,219
161,73
237,47
101,104
124,197
238,265
189,266
95,267
95,268
95,269
95,267
95,268
95,269
95,267
95,268
95,269
130,185
239,9
239,270
239,9
239,270
240,271
116,265
199,272
19,273
61,272
63,274
84,117
68,275
163,273
241,276
241,277
241,276
241,277
33,258
242,161
243,278
96,147
183,279
168,280
80,273
244,8
44,39
77,20
75,52
245,144
116,281
36,143
193,264
175,282
246,74
150,210
33,209
247,272
51,283
51,273
51,283
51,273
185,258
40,284
75,121
248,20
39,285
61,104
42,252
95,118
221,286
221,72
221,286
221,72
194,287
71,72
225,72
209,288
166,144
128,3
128,289
128,3
128,289
248,72
249,152
250,194
251,236
159,260
40,68
144,290
246,291
93,292
61,293
68,279
117,252
252,278
81,160
81,55
81,294
81,160
81,55
81,294
81,160
81,55
81,294
197,295
253,296
244,282
254,297
69,298
237,148
32,229
163,89
199,168
255,26
256,144
257,209
257,299
93,300
258,226
259,191
20,221
177,132
63,301
63,302
63,303
63,301
63,302
63,303
63,301
63,302
63,303
45,25
106,27
259,304
260,98
254,102
261,305
210,238
34,222
28,12
47,177
47,58
214,101
128,296
45,68
262,167
84,17
194,306
263,307
263,308
263,307
263,308
242,278
84,74
264,309
113,310
163,15
85,6
137,144
222,179
45,311
189,312
265,221
266,44
238,313
54,226
67,41
64,314
258,315
14,15
267,116
259,135
50,316
50,273
50,316
50,273
88,317
174,200
268,8
269,229
25,318
270,319
271,320
79,68
272,86
246,188
183,175
189,321
108,125
33,78
273,292
83,115
274,135
275,135
101,175
20,141
20,322
20,141
20,322
163,304
163,15
163,304
163,15
15,91
104,238
104,55
104,199
104,238
104,55
104,199
104,238
104,55
104,199
230,323
128,324
235,279
21,13
86,325
64,326
123,108
7,201
236,327
144,328
144,105
144,328
144,105
276,329
277,248
15,14
123,229
230,330
233,331
250,171
20,8
278,39
278,332
278,39
278,332
279,333
280,46
280,334
281,98
280,46
280,334
72,45
45,105
282,4
18,191
209,335
93,293
93,117
93,293
93,117
86,324
283,44
148,336
284,229
178,198
285,92
197,201
189,287
70,205
14,57
16,337
144,338
166,12
286,62
75,1
19,339
287,340
166,341
201,166
242,262
242,136
242,151
242,262
242,136
242,151
242,262
242,136
242,151
288,211
288,17
288,211
288,17
89,13
137,342
130,202
289,343
282,176
290,226
78,344
43,345
43,61
267,59
43,345
43,61
291,346
243,347
292,15
293,216
95,175
232,45
84,21
294,20
242,348
184,349
295,350
101,56
101,116
101,56
101,116
41,45
45,104
296,31
146,351
282,20
258,352
165,353
7,354
78,89
265,212
297,33
298,355
299,97
242,356
206,15
289,86
116,8
208,113
81,357
81,90
81,357
81,90
34,15
34,169
34,358
34,15
34,169
34,358
34,15
34,169
34,358
217,20
300,359
41,117
17,176
301,360
301,135
301,360
301,135
233,18
263,293
265,169
71,110
47,361
98,233
98,65
302,287
149,194
246,81
186,362
34,363
303,121
195,8
84,139
67,364
201,365
201,366
201,365
201,366
85,367
304,273
305,368
151,315
23,254
113,362
28,275
306,277
217,57
82,369
267,117
307,263
308,189
65,169
302,117
309,61
124,1
310,303
280,24
237,291
93,370
311,303
298,371
230,166
312,55
33,218
33,110
33,69
33,218
33,110
33,69
33,218
33,110
33,69
124,334
84,372
16,171
29,258
313,373
157,110
314,25
187,374
78,74
234,71
166,20
91,212
315,55
117,98
5,187
242,157
84,112
156,9
316,284
317,107
254,149
318,273
77,209
232,293
225,83
13,110
13,375
13,110
13,375
144,123
272,152
112,106
33,376
185,12
56,121
242,263
242,377
28,378
221,327
319,101
320,379
321,111
24,278
289,152
5,199
144,63
84,380
322,117
323,105
323,269
323,105
323,269
30,381
115,260
225,45
94,31
324,229
192,240
156,69
110,3
325,110
64,382
242,383
299,45
93,384
85,385
167,386
70,125
53,387
326,388
326,389
326,388
326,389
183,144
79,229
159,390
243,317
33,37
103,368
15,307
292,391
171,214
246,340
148,392
13,56
221,8
246,393
327,121
178,153
78,394
104,126
302,342
133,320
164,152
194,124
28,61
328,229
329,395
329,20
329,395
329,20
330,396
57,397
57,62
57,398
57,293
57,397
57,62
57,398
57,293
57,397
57,62
57,398
57,293
57,397
57,62
57,398
57,293
270,161
186,210
331,399
73,135
332,33
333,336
117,66
334,230
176,400
30,17
30,401
30,176
30,17
30,401
30,176
30,17
30,401
30,176
272,8
192,58
26,203
335,20
78,27
42,18
108,123
273,21
272,402
70,108
262,354
208,156
61,390
217,167
336,153
337,276
139,285
242,152
25,66
338,65
294,341
65,376
59,161
28,186
246,403
130,167
185,94
303,121
23,62
61,25
36,160
153,221
307,86
42,55
51,404
139,4
39,77
339,49
125,59
94,405
340,391
140,259
61,158
303,205
155,406
20,188
88,182
280,32
341,407
93,196
96,8
53,290
103,148
94,24
177,115
327,121
312,408
312,275
312,408
312,275
150,155
342,284
342,284
342,284
342,284
343,409
77,238
344,371
302,175
8,20
345,45
124,410
50,121
223,224
113,113
225,217
225,411
225,217
225,411
51,152
179,2
346,362
347,272
35,412
346,176
64,86
307,102
93,161
187,67
187,413
285,309
285,13
285,309
285,13
108,260
37,414
134,61
44,110
163,190
270,307
270,92
270,307
270,92
163,55
109,415
142,207
181,415
348,121
129,105
349,1
84,416
350,43
128,185
258,140
147,417
25,153
325,201
131,2
15,66
237,203
247,418
40,419
68,63
222,309
85,104
68,161
134,180
351,83
224,390
22,1
352,379
114,141
114,44
114,125
114,141
114,44
114,125
114,141
114,44
114,125
87,113
144,78
186,143
53,17
353,420
353,210
353,420
353,210
113,72
354,203
344,117
175,387
47,258
215,98
263,421
143,273
330,51
101,258
50,422
215,115
192,32
93,153
202,39
355,26
1,219
1,423
1,219
1,423
356,44
237,176
44,168
55,264
128,424
128,121
128,424
128,121
357,186
204,425
197,176
84,105
358,275
359,426
267,268
267,72
267,268
267,72
360,50
94,199
361,194
56,170
362,427
254,428
254,203
254,428
254,203
246,429
40,185
75,161
311,149
27,256
189,162
164,405
64,244
7,334
97,329
363,20
187,170
364,26
10,430
144,134
365,6
253,248
273,279
205,144
108,73
208,188
97,431
366,115
367,379
368,278
92,223
155,432
116,377
369,46
242,57
132,63
59,63
232,255
232,433
232,293
232,255
232,433
232,293
232,255
232,433
232,293
182,434
335,110
85,98
48,435
255,414
370,161
371,15
372,296
24,436
45,104
68,437
19,97
373,438
374,13
183,325
231,233
273,331
195,405
53,154
53,154
53,154
53,154
125,219
375,98
53,85
376,186
377,280
195,439
146,162
78,2
39,154
39,84
39,154
39,84
65,135
378,440
378,169
378,440
378,169
24,441
20,112
146,123
128,442
379,90
82,214
62,443
256,444
137,212
33,445
134,42
342,30
168,57
333,32
112,116
380,269
267,280
53,97
381,44
47,210
381,320
125,259
201,320
84,252
331,187
175,72
33,446
380,144
43,447
82,417
382,44
354,229
383,105
25,442
38,448
38,90
38,448
38,90
103,167
206,15
112,309
102,42
246,123
166,449
80,122
374,26
384,201
77,168
106,97
12,190
93,377
195,450
135,37
19,73
144,62
40,451
308,219
161,113
197,49
103,414
117,248
194,256
97,229
385,309
386,272
143,275
156,32
245,371
298,417
97,4
59,131
59,452
25,25
59,131
59,452
84,98
332,212
181,453
86,46
195,153
265,214
147,181
144,404
224,271
387,454
128,394
303,210
59,171
28,42
175,219
47,219
77,455
357,363
270,67
230,424
245,129
245,15
245,129
245,15
346,456
388,457
176,37
308,169
389,21
88,458
88,459
88,458
88,459
288,371
390,190
6,460
6,223
6,461
6,460
6,223
6,461
6,460
6,223
6,461
215,229
250,33
137,242
192,123
194,414
12,222
142,225
342,219
33,6
183,62
86,123
33,229
128,285
116,183
82,144
144,44
64,462
259,4
80,186
126,238
26,147
61,152
391,463
225,455
289,226
289,462
181,387
175,464
175,20
175,464
175,20
53,130
53,367
53,130
53,367
317,62
142,465
392,162
46,15
17,273
243,191
250,416
331,278
216,57
354,57
393,153
95,260
370,45
394,99
285,105
217,376
395,97
241,24
104,45
128,44
396,338
214,297
249,466
25,54
397,307
397,176
397,307
397,176
33,414
61,395
205,155
137,42
398,97
208,467
399,17
400,152
33,77
97,229
166,168
84,15
308,104
401,56
40,84
125,12
208,452
176,39
7,212
298,167
280,98
116,340
108,90
185,264
185,468
185,264
185,468
279,264
20,287
205,166
34,98
62,63
68,383
322,69
402,469
155,144
101,37
337,92
337,452
337,92
337,452
230,470
47,218
403,170
262,54
203,460
137,155
211,74
177,68
404,389
404,72
404,389
404,72
18,390
373,439
111,44
192,471
166,438
311,368
18,9
20,147
148,189
242,156
215,42
405,108
351,156
77,334
44,150
114,27
273,472
230,459
406,70
20,473
181,139
300,409
279,406
279,474
279,406
279,474
74,171
115,433
357,475
267,116
237,202
351,439
186,88
116,365
31,365
141,143
407,105
408,216
84,284
59,50
409,121
206,476
331,103
130,315
174,79
115,8
88,188
267,65
142,65
57,307
390,59
410,464
299,148
7,359
13,279
230,356
63,273
209,329
283,107
113,221
124,142
184,17
294,92
400,320
373,15
221,24
221,477
221,478
221,479
221,24
221,477
221,478
221,479
221,24
221,477
221,478
221,479
221,24
221,477
221,478
221,479
186,129
155,44
231,318
411,436
411,31
411,436
411,31
63,1
412,219
365,422
241,262
274,110
259,152
195,320
40,77
105,77
192,39
347,176
347,162
347,176
347,162
26,107
222,456
134,196
279,447
179,94
64,403
84,207
368,169
84,480
294,272
189,25
166,196
44,268
256,433
256,201
256,329
256,433
256,201
256,329
256,433
256,201
256,329
237,481
413,30
126,144
108,25
414,147
163,482
295,110
79,98
366,107
33,414
45,483
415,97
231,382
269,392
125,7
45,252
373,20
33,49
262,315
166,17
246,324
416,13
261,222
250,83
143,2
219,300
370,67
101,413
234,301
87,226
417,484
156,280
137,485
248,275
264,405
170,89
20,226
216,371
85,72
165,62
418,338
91,486
40,237
419,68
124,220
241,311
84,144
250,487
124,54
236,162
296,488
194,489
354,158
215,257
108,244
331,284
318,201
386,409
311,158
158,72
376,152
405,13
232,415
144,77
345,67
5,12
63,252
96,72
150,166
288,237
162,490
269,491
373,216
7,169
116,134
144,317
419,492
420,398
73,229
112,326
67,282
51,221
184,20
217,65
71,116
307,5
28,491
292,40
421,152
128,39
12,1
353,17
63,57
192,493
157,161
422,494
357,14
374,229
247,346
195,288
217,417
69,121
81,190
86,152
143,318
37,296
348,229
414,65
60,363
128,495
210,349
93,186
32,168
247,218
45,262
8,496
423,276
128,68
424,189
97,160
147,135
307,199
286,414
96,57
95,186
87,77
189,188
98,195
83,464
108,254
425,18
259,405
401,51
365,72
54,311
116,409
129,497
129,7
129,46
129,217
129,421
129,301
129,486
129,48
129,421
129,498
129,497
129,7
129,46
129,217
129,421
129,301
129,486
129,48
129,421
129,498
129,497
129,7
129,46
129,217
129,421
129,301
129,486
129,48
129,421
129,498
129,497
129,7
129,46
129,217
129,421
129,301
129,486
129,48
129,421
129,498
129,497
129,7
129,46
129,217
129,421
129,301
129,486
129,48
129,421
129,498
129,497
129,7
129,46
129,217
129,421
129,301
129,486
129,48
129,421
129,498
129,497
129,7
129,46
129,217
129,421
129,301
129,486
129,48
129,421
129,498
129,497
129,7
129,46
129,217
129,421
129,301
129,486
129,48
129,421
129,498
129,497
129,7
129,46
129,217
129,421
129,301
129,486
129,48
129,421
129,498
129,497
129,7
129,46
129,217
129,421
129,301
129,486
129,48
129,421
129,498
270,480
313,144
79,392
37,285
8,167
426,138
162,451
192,318
262,15
192,484
43,298
175,55
163,499
201,305
162,10
44,263
311,160
373,222
237,469
144,500
165,203
116,187
44,146
133,31
284,64
116,501
31,502
28,37
34,448
34,270
34,448
34,270
19,144
97,431
406,67
181,89
305,2
255,55
1,12
327,44
14,37
197,254
164,237
302,503
125,504
259,405
143,202
155,143
149,160
51,505
427,506
428,45
426,275
200,12
33,62
75,125
75,507
75,125
75,507
69,144
128,209
130,77
130,77
130,77
130,77
307,363
84,147
429,280
165,167
28,508
430,6
431,65
404,105
407,296
432,221
131,6
200,32
152,202
33,143
59,286
356,216
93,434
433,67
144,72
24,392
24,320
331,74
282,250
210,327
59,509
242,153
434,139
44,510
237,511
237,208
237,511
237,208
237,278
147,512
65,183
65,198
65,270
65,229
65,183
65,198
65,270
65,229
65,183
65,198
65,270
65,229
65,183
65,198
65,270
65,229
435,7
436,513
114,514
68,17
147,166
108,309
333,249
108,45
95,285
195,216
379,97
244,8
100,67
376,382
72,497
437,216
197,256
192,229
195,12
438,436
54,77
178,515
54,498
1,262
83,72
14,516
250,189
61,470
306,64
15,476
142,48
292,436
292,256
292,436
292,256
402,422
81,158
33,53
33,183
33,7
33,53
33,183
33,7
33,53
33,183
33,7
68,143
20,146
84,320
116,231
267,321
91,200
59,171
241,401
241,90
241,497
241,331
241,388
241,401
241,90
241,497
241,331
241,388
241,401
241,90
241,497
241,331
241,388
241,401
241,90
241,497
241,331
241,388
241,401
241,90
241,497
241,331
241,388
342,309
20,517
28,476
40,181
86,426
101,31
61,175
261,487
20,8
68,153
439,128
439,518
439,411
439,519
439,128
439,518
439,411
439,519
439,128
439,518
439,411
439,519
439,128
439,518
439,411
439,519
28,520
40,238
440,219
63,444
24,521
128,10
130,194
28,333
259,148
146,522
295,15
29,248
164,188
211,523
88,209
254,102
225,66
147,81
441,152
23,371
289,224
202,139
84,318
58,210
271,64
40,362
96,12
115,491
115,524
115,525
115,491
115,524
115,525
115,491
115,524
115,525
123,92
430,69
430,526
430,69
430,526
68,419
419,527
28,161
250,528
14,334
270,386
376,229
164,510
208,84
81,200
241,529
241,454
241,529
241,454
280,42
442,318
96,296
396,15
28,264
163,154
163,141
163,65
163,154
163,141
163,65
163,154
163,141
163,65
400,126
75,368
292,68
376,185
166,105
285,298
14,21
318,251
7,365
429,530
443,531
192,344
183,38
397,236
215,45
215,267
215,45
215,267
134,386
280,470
185,217
35,105
375,1
116,8
47,130
237,124
13,201
97,218
81,194
159,83
124,405
387,403
95,309
250,300
189,532
357,222
254,246
254,162
254,246
254,162
444,451
84,280
147,282
202,86
45,509
214,278
42,309
422,369
183,67
445,203
131,17
213,383
446,287
242,420
13,44
337,77
447,20
44,142
116,10
86,454
211,35
36,167
106,207
448,67
12,104
12,272
12,104
12,272
131,194
79,304
95,300
96,186
203,124
146,348
43,203
197,533
399,105
142,70
143,105
87,4
87,464
87,4
87,464
150,226
33,389
449,278
294,272
450,139
36,21
451,170
452,143
289,175
261,387
135,91
77,210
453,33
123,161
177,280
60,505
411,279
322,335
301,258
454,124
322,354
402,534
33,24
327,194
50,17
308,31
315,57
334,24
334,535
334,24
334,535
244,536
148,222
166,151
89,252
244,383
235,210
97,537
153,54
25,105
137,308
86,296
39,203
5,130
33,102
246,538
101,219
221,492
84,186
362,8
311,28
311,392
311,28
311,392
455,190
320,539
47,210
146,67
59,144
303,420
400,139
45,540
97,470
225,320
372,105
229,515
447,72
235,334
55,202
456,124
97,541
97,540
97,541
97,540
127,252
16,259
65,209
299,115
441,66
144,3
396,101
1,275
318,64
377,328
457,200
458,105
128,153
139,49
65,72
131,155
28,179
459,457
460,2
458,542
461,303
462,201
84,156
37,322
127,57
302,15
291,543
54,15
54,424
54,15
54,424
247,7
357,143
85,45
197,30
197,203
197,30
197,203
209,544
463,422
67,193
87,545
87,496
288,546
87,545
87,496
181,222
259,547
259,329
259,548
259,547
259,329
259,548
259,547
259,329
259,548
230,162
86,162
233,549
242,371
64,52
40,406
431,88
431,248
431,88
431,248
250,170
59,336
234,69
166,283
166,550
166,551
166,552
166,283
166,550
166,551
166,552
166,283
166,550
166,551
166,552
166,283
166,550
166,551
166,552
255,66
367,105
92,117
11,343
20,553
194,207
429,376
47,143
84,241
84,554
84,362
84,241
84,554
84,362
84,241
84,554
84,362
95,362
429,135
194,421
50,67
203,229
147,504
147,555
147,504
147,555
152,20
370,229
26,556
26,129
26,556
26,129
464,557
273,51
273,334
273,51
273,334
151,79
16,527
59,210
44,165
465,252
128,558
128,424
183,549
146,216
460,229
114,293
199,474
14,280
14,32
88,381
193,138
285,239
123,177
104,559
83,414
28,187
466,8
467,130
128,139
45,263
1,98
6,229
6,560
6,286
6,229
6,560
6,286
6,229
6,560
6,286
251,171
15,561
61,81
147,451
113,303
113,280
61,59
113,303
113,280
147,542
84,42
183,203
33,383
68,74
80,176
47,413
144,383
468,15
84,134
344,101
250,562
280,32
209,377
7,202
229,318
210,563
51,45
208,22
41,331
169,14
47,564
331,565
209,566
56,278
144,292
222,175
257,290
84,556
84,296
84,556
84,296
17,300
149,567
61,101
469,212
30,27
370,279
224,271
4,9
225,388
134,61
319,353
20,68
271,255
61,568
128,155
179,324
268,152
308,310
280,329
59,569
7,77
470,40
471,73
192,570
84,511
217,17
47,350
280,457
201,279
41,10
416,115
33,17
33,401
33,17
33,401
116,274
144,10
370,281
197,371
472,46
158,77
473,255
473,228
473,255
473,228
178,135
222,218
65,210
233,201
474,99
475,531
321,205
408,143
259,398
112,228
82,217
116,571
299,210
197,45
381,572
28,198
230,220
468,104
468,229
468,104
468,229
438,573
146,216
84,145
245,568
416,24
185,139
128,74
2,72
209,574
68,209
419,413
75,57
40,117
12,472
12,108
12,472
12,108
242,371
16,500
401,83
365,222
17,474
217,221
171,287
45,309
468,267
163,473
209,236
85,57
263,10
203,309
26,562
195,575
85,160
85,576
85,160
85,576
351,89
324,27
401,577
242,74
440,102
85,46
85,578
85,375
85,46
85,578
85,375
85,46
85,578
85,375
100,77
294,111
28,97
26,147
93,414
65,329
147,311
302,392
181,342
133,226
284,319
15,519
202,92
230,315
189,241
476,229
347,560
260,236
170,229
320,143
153,27
461,309
45,405
84,220
35,383
8,208
61,98
65,201
3,192
33,72
414,20
77,472
19,121
19,316
19,121
19,316
477,318
38,320
16,260
65,112
293,32
270,171
16,196
28,180
192,327
378,326
38,299
220,39
64,220
232,203
158,371
414,121
311,117
373,35
22,116
478,94
273,30
25,8
303,148
303,154
303,148
303,154
223,476
27,171
215,38
84,72
77,135
250,372
150,290
230,333
245,174
53,284
255,67
411,579
129,156
110,68
138,452
28,179
313,207
395,129
29,168
40,202
73,326
78,139
174,210
455,153
167,139
144,80
158,411
155,188
404,252
6,335
479,123
61,74
94,580
480,225
175,156
178,196
384,70
144,189
189,212
106,460
225,44
108,357
215,581
202,279
187,226
104,582
481,576
481,256
481,576
481,367
481,160
481,576
481,256
481,576
481,367
481,160
481,576
481,256
481,576
481,367
481,160
481,576
481,256
481,576
481,367
481,160
481,576
481,256
481,576
481,367
481,160
482,117
68,284
209,58
139,86
68,57
38,205
106,400
97,205
108,153
93,97
75,33
241,334
113,392
63,432
63,273
63,432
63,273
483,152
54,583
280,336
148,30
368,2
462,105
462,256
462,105
462,256
128,246
153,335
158,129
197,460
85,125
472,584
472,1
472,584
472,1
54,263
39,176
357,123
56,210
484,309
97,66
445,356
73,212
59,104
200,389
200,242
200,17
200,389
200,242
200,17
200,389
200,242
200,17
187,585
20,123
123,376
485,143
118,193
25,63
429,368
97,354
417,443
193,298
108,70
148,162
378,176
5,497
226,339
486,201
472,262
66,76
120,321
92,98
153,229
68,124
64,1
195,45
249,475
487,309
394,120
414,139
205,98
488,443
270,168
19,61
195,586
276,148
75,390
116,310
489,203
186,334
186,222
96,37
166,32
329,22
215,523
103,92
144,282
259,65
104,252
131,221
44,61
267,264
345,329
225,2
357,287
441,72
314,258
472,433
472,525
472,433
472,525
463,587
223,588
144,315
422,517
189,44
54,480
157,64
143,194
28,589
148,45
20,62
384,50
20,8
447,422
18,275
209,451
203,68
490,65
166,65
268,77
75,56
176,318
61,186
59,97
151,25
255,254
57,132
51,15
460,367
57,235
14,309
189,500
215,142
251,473
128,51
78,118
14,102
200,186
491,156
181,455
345,12
444,439
411,198
302,499
116,64
33,138
163,590
197,201
492,248
493,50
260,305
55,65
357,202
146,20
302,499
16,18
28,203
28,460
75,222
303,27
494,1
245,448
223,220
72,352
9,223
259,591
108,218
97,531
15,237
246,521
438,502
420,7
51,309
174,293
68,295
495,442
245,424
496,272
21,228
175,73
215,221
251,166
66,20
85,2
192,121
384,73
378,65
68,169
303,231
95,592
84,66
424,593
346,218
124,104
209,320
75,210
259,384
270,318
247,491
72,335
81,186
93,292
497,565
114,490
37,24
69,572
116,256
345,180
209,594
215,499
331,59
230,494
46,110
202,214
98,14
113,143
365,367
365,304
365,367
365,304
245,135
34,337
209,439
28,160
28,49
28,160
28,49
498,202
498,341
498,202
498,341
148,194
84,102
36,256
36,221
36,144
36,256
36,221
36,144
36,256
36,221
36,144
97,229
195,139
93,44
438,203
499,142
47,489
310,113
125,200
414,331
184,280
184,507
184,280
184,507
85,45
33,45
357,25
108,31
318,422
217,544
55,262
365,256
67,63
217,320
116,277
28,280
500,176
245,78
61,125
85,423
116,352
250,103
185,17
337,62
25,69
133,264
203,210
302,284
85,595
195,148
178,596
84,98
25,58
133,405
108,98
108,309
108,98
108,309
108,188
501,248
69,285
33,169
229,284
229,77
229,284
229,77
175,354
202,14
502,1
332,85
63,519
107,210
143,287
123,161
28,6
110,62
40,102
299,116
503,287
504,55
209,62
287,132
193,116
85,105
311,31
33,69
16,24
201,462
51,207
343,113
343,256
343,113
343,256
14,13
60,597
134,56
394,566
61,39
25,124
61,37
68,571
376,330
83,392
360,14
371,15
34,26
292,520
77,143
156,440
54,462
231,74
116,115
474,135
397,596
85,319
280,343
83,101
28,187
101,39
505,298
402,318
50,115
406,46
263,422
263,216
263,422
263,216
374,284
80,15
298,320
213,359
77,176
25,598
25,37
25,598
25,37
62,145
432,592
60,599
373,32
108,494
237,386
54,203
16,57
393,229
118,600
165,601
295,443
343,544
23,155
372,187
72,101
350,215
487,50
166,389
142,256
506,20
85,115
259,602
222,14
272,317
233,298
108,186
104,115
104,267
104,115
104,267
388,13
225,432
347,161
46,424
507,367
507,367
507,367
507,367
252,39
404,392
404,407
404,392
404,407
167,603
508,86
116,470
116,604
116,470
116,604
509,248
287,318
357,171
376,254
34,287
231,214
223,196
510,17
246,192
444,119
68,387
399,32
181,213
53,341
47,171
75,39
20,112
22,388
22,388
22,130
22,344
22,388
22,388
22,130
22,344
22,388
22,388
22,130
22,344
22,388
22,388
22,130
22,344
510,254
155,65
511,387
175,605
379,69
100,9
366,170
117,320
223,139
384,185
84,296
224,105
224,255
224,105
224,255
197,606
241,252
512,607
44,472
146,392
376,348
320,273
513,42
106,51
332,49
171,8
514,280
506,115
101,608
478,6
28,186
40,222
1,104
487,105
137,256
422,210
239,115
381,210
30,329
25,228
374,127
455,328
251,317
18,273
366,422
351,344
319,309
54,308
54,438
54,308
54,438
181,20
61,67
28,318
77,3
77,315
77,3
77,315
229,365
171,609
14,74
113,201
372,555
246,383
515,65
373,59
320,610
233,231
175,221
64,1
7,47
391,432
25,309
178,607
36,45
230,125
95,202
136,31
224,153
26,611
116,244
101,56
33,359
47,25
53,56
44,45
45,612
487,309
347,65
222,613
516,276
311,558
84,338
131,432
25,218
255,614
14,154
84,167
517,116
256,263
457,121
516,72
147,271
116,317
518,615
222,153
325,272
78,219
174,390
33,37
143,123
174,569
24,147
338,405
245,255
245,108
245,20
245,475
245,255
245,108
245,20
245,475
245,255
245,108
245,20
245,475
245,255
245,108
245,20
245,475
519,275
519,203
519,275
519,203
513,520
270,152
520,73
521,201
522,148
523,198
225,32
195,50
331,31
112,44
142,325
157,229
447,92
96,50
524,228
271,2
102,70
70,443
116,64
103,392
32,18
148,600
525,55
84,94
131,24
185,116
85,107
310,110
108,616
344,338
20,166
14,354
287,139
203,285
144,152
40,55
206,68
13,45
128,508
153,229
490,434
209,304
370,143
370,67
370,143
370,67
510,94
175,27
273,15
241,116
238,617
277,231
526,183
28,153
317,89
422,618
97,135
273,310
63,287
258,86
263,9
527,619
527,218
527,619
527,218
78,175
125,138
114,219
225,620
283,253
15,621
242,44
126,13
528,470
56,167
56,183
56,167
56,183
429,53
116,77
329,502
129,134
110,149
33,309
134,393
529,201
292,222
530,45
115,210
61,168
489,255
350,202
117,448
215,544
116,284
302,105
265,72
143,229
184,576
167,290
270,264
237,496
346,83
95,622
57,13
355,209
95,443
195,121
43,116
47,188
259,12
259,202
259,12
259,202
163,26
195,230
246,554
121,477
175,623
384,624
193,148
499,262
131,39
89,218
77,84
126,239
144,399
114,560
114,67
114,560
114,67
166,219
76,11
100,167
531,33
311,59
67,159
3,625
411,171
64,254
397,626
216,117
236,207
410,483
225,64
61,318
11,465
270,518
45,347
487,219
42,351
42,49
42,351
42,49
362,19
388,68
177,152
85,115
456,370
8,245
7,341
185,32
532,201
44,627
144,74
219,599
147,594
215,121
58,129
225,460
521,474
224,18
60,253
38,418
222,186
236,147
438,75
438,44
262,68
438,75
438,44
506,158
37,272
206,171
321,395
321,23
321,395
321,23
128,66
270,628
430,432
16,62
208,171
525,68
371,382
159,156
533,170
17,285
62,371
534,252
155,338
241,97
254,117
14,305
515,250
385,245
331,58
422,58
91,77
535,15
41,263
214,125
115,315
337,280
51,629
53,72
379,117
181,327
272,476
148,59
59,630
270,390
536,167
537,55
538,414
386,287
53,226
169,210
539,229
436,47
23,45
77,44
13,15
57,617
148,6
300,631
300,54
300,631
300,54
115,156
142,54
540,227
541,31
542,59
383,405
35,264
92,115
54,632
285,633
543,634
534,200
165,56
374,447
331,122
98,428
270,84
544,359
432,635
412,110
149,518
217,92
78,69
73,130
544,278
45,186
379,1
299,57
241,273
545,13
60,139
165,384
298,210
512,113
331,516
417,248
546,347
547,463
215,627
510,49
11,120
57,345
548,198
143,424
422,636
61,425
37,391
28,414
68,8
549,267
549,45
549,267
549,45
468,72
250,571
69,110
225,222
179,210
185,77
230,229
230,472
230,229
230,472
345,115
550,171
250,222
147,237
101,541
101,391
101,541
101,391
61,139
543,68
185,123
277,13
75,111
440,391
62,443
502,150
181,5
13,362
66,169
1,12
279,15
125,41
125,524
125,73
125,41
125,524
125,73
125,41
125,524
125,73
402,494
86,292
16,276
551,194
110,248
153,326
33,67
57,45
23,498
23,176
23,498
23,176
116,45
116,104
116,45
116,104
456,203
552,248
33,3
19,55
59,363
553,320
96,39
346,176
131,201
43,72
210,471
554,115
555,272
282,496
453,223
556,167
3,86
557,98
557,452
557,98
557,452
84,115
189,309
284,597
54,15
267,568
33,610
321,407
321,349
321,407
321,349
558,102
559,637
86,24
292,252
560,311
401,20
128,612
128,175
128,612
128,175
561,326
84,74
115,56
113,12
32,638
562,169
389,334
172,544
78,639
78,81
78,639
78,81
211,115
129,640
237,176
36,210
546,414
242,617
130,153
344,474
563,585
273,129
216,200
1,239
24,170
133,371
183,37
158,641
59,298
34,222
269,201
181,123
90,15
564,15
44,284
20,562
565,73
12,216
12,372
566,115
566,198
566,115
566,198
144,216
567,263
70,273
84,14
61,97
423,115
128,156
498,443
195,391
195,524
195,391
195,524
81,221
82,207
23,41
568,329
37,77
174,642
569,287
429,65
453,222
84,393
84,218
84,420
84,393
84,218
84,420
84,393
84,218
84,420
430,298
59,102
2,390
71,130
142,65
249,332
44,175
133,106
151,72
570,15
129,148
251,78
40,298
571,154
273,134
245,68
572,123
422,181
108,607
116,278
72,572
573,143
505,125
284,262
241,643
574,644
144,645
144,324
144,645
144,324
162,169
40,538
211,508
249,453
575,263
441,596
377,207
28,252
61,8
144,148
24,229
106,39
408,141
101,105
576,293
128,405
144,42
577,186
483,296
546,334
578,216
579,48
155,86
422,54
185,263
19,148
37,229
18,67
411,646
368,531
580,611
84,414
274,200
567,105
581,13
532,117
5,31
543,112
376,161
26,273
560,44
432,324
580,165
144,320
36,116
582,508
125,4
192,256
192,367
192,284
192,47
192,256
192,367
192,284
192,47
192,256
192,367
192,284
192,47
192,256
192,367
192,284
192,47
137,57
583,367
583,284
583,367
583,284
58,221
584,647
321,592
321,507
321,592
321,507
287,570
163,2
238,615
303,474
303,4
303,648
303,474
303,4
303,648
303,474
303,4
303,648
20,123
242,110
333,605
250,649
137,602
585,620
242,187
586,28
90,333
108,246
108,452
108,628
108,31
108,246
108,452
108,628
108,31
108,246
108,452
108,628
108,31
108,246
108,452
108,628
108,31
24,67
24,431
24,67
24,431
18,421
60,328
60,650
60,651
60,328
60,650
60,651
60,328
60,650
60,651
462,113
151,147
585,111
9,366
9,358
9,366
9,358
438,7
77,392
163,162
587,473
360,44
567,17
370,169
28,407
259,219
588,315
478,57
348,121
348,547
348,121
348,547
1,24
1,463
1,24
1,463
184,652
84,343
84,320
116,381
398,105
589,105
128,17
195,63
45,56
95,31
422,574
357,42
590,65
441,115
480,62
480,653
480,62
480,653
591,117
540,372
299,73
431,72
187,39
124,298
78,40
18,654
258,409
16,365
348,645
378,437
378,314
378,437
378,314
71,389
71,256
71,389
71,256
130,371
394,200
592,148
84,527
411,218
142,203
407,72
213,193
10,222
230,105
43,221
84,74
272,224
20,194
69,531
555,246
72,260
535,345
306,97
194,335
331,655
25,116
282,375
192,12
259,130
470,169
311,194
247,98
580,186
266,158
266,258
266,12
266,158
266,258
266,12
266,158
266,258
266,12
115,464
70,309
356,574
540,194
128,72
128,284
128,72
128,284
13,229
14,269
144,224
533,226
559,656
326,144
310,422
310,475
310,422
310,475
128,258
45,8
28,264
189,23
200,309
593,72
184,124
125,498
16,315
245,180
507,197
594,31
595,528
596,144
215,361
131,376
234,657
366,272
286,153
556,210
499,67
256,264
28,344
116,484
75,72
75,73
75,72
75,73
358,229
302,17
226,497
63,40
414,26
89,653
89,148
89,653
89,148
536,31
77,181
144,39
245,62
248,241
248,658
248,449
248,241
248,658
248,449
248,241
248,658
248,449
535,17
73,143
259,7
259,418
259,7
259,418
294,9
163,219
438,44
597,406
209,42
509,464
267,153
407,386
177,97
61,2
281,168
124,659
209,324
28,186
17,26
362,284
598,595
320,376
320,117
116,216
320,376
320,117
261,102
575,521
82,52
279,317
81,371
165,361
324,5
324,219
324,5
324,219
168,272
231,660
599,45
69,32
181,661
259,7
385,475
194,632
226,98
147,662
85,610
238,542
526,216
128,517
97,365
124,62
259,72
144,660
302,18
20,186
54,643
151,315
392,246
1,200
53,17
305,218
113,199
1,2
471,112
181,438
64,226
313,63
219,295
510,424
436,12
549,17
438,328
431,167
600,643
40,80
381,56
80,27
76,600
24,147
44,175
116,74
131,229
73,391
183,663
41,53
84,153
47,646
233,18
80,515
1,282
261,8
438,116
407,98
601,422
61,123
215,462
455,244
602,77
411,586
277,28
325,150
588,20
97,540
33,471
195,17
571,20
603,590
195,522
195,496
195,522
195,496
575,42
63,591
307,422
189,68
81,420
384,334
272,133
604,664
64,508
605,415
605,55
605,415
605,55
40,122
114,111
114,655
114,111
114,655
270,15
606,457
217,273
151,39
607,42
1,146
63,552
424,47
18,203
182,253
149,17
255,467
608,280
286,372
407,421
609,253
610,37
611,26
126,497
347,256
553,280
111,210
397,121
126,273
612,496
22,653
73,218
34,67
84,43
28,156
112,67
377,57
61,437
397,637
102,228
294,71
294,17
294,71
294,17
88,653
298,92
184,453
613,54
129,156
91,209
328,83
67,438
245,549
388,274
54,39
374,665
614,72
357,226
615,519
546,168
482,271
422,250
616,15
21,12
617,57
589,666
618,73
179,134
366,384
619,276
283,264
4,45
72,20
599,62
564,221
550,613
174,592
273,275
311,127
535,26
98,469
61,629
357,264
189,667
70,72
208,152
176,336
332,102
553,142
568,415
330,167
294,272
113,320
188,600
581,57
238,170
276,92
176,13
376,67
599,329
174,313
233,201
47,443
109,368
209,186
531,98
555,290
211,555
391,668
201,653
473,388
608,10
59,62
56,349
181,216
558,186
157,452
181,229
120,57
237,550
237,159
237,540
237,550
237,159
237,540
237,550
237,159
237,540
276,45
353,57
47,579
583,68
332,350
162,460
47,209
110,121
84,139
138,212
547,176
456,298
588,256
588,256
588,256
588,256
117,229
176,92
282,443
194,33
236,175
468,443
158,466
571,228
571,391
571,228
571,391
97,73
97,72
97,73
97,72
95,129
372,637
84,259
7,45
217,216
301,102
400,669
37,86
458,432
9,443
423,170
12,365
358,437
358,185
358,24
358,437
358,185
358,24
358,437
358,185
358,24
589,167
216,338
213,216
124,26
169,280
54,196
45,120
77,216
40,61
620,670
24,365
185,186
370,67
434,574
151,186
85,229
517,64
53,45
331,139
531,138
266,162
419,110
229,135
177,14
45,230
524,67
186,56
580,405
59,242
215,195
15,391
621,424
85,229
195,218
441,59
112,147
39,275
194,18
33,210
61,18
116,289
144,125
56,105
22,121
163,57
151,26
23,267
23,216
23,267
23,216
453,39
66,515
116,170
531,300
230,69
72,42
246,238
622,102
273,66
34,71
34,216
34,71
34,216
146,455
156,161
23,134
192,576
108,338
25,162
334,210
15,188
623,62
202,192
624,23
179,142
456,4
150,20
625,338
470,248
56,198
56,105
56,198
56,105
156,671
59,486
59,339
59,486
59,339
81,143
250,96
20,216
27,72
124,278
176,530
245,38
221,248
590,216
384,17
284,117
54,169
302,279
626,346
23,143
97,421
166,55
115,362
616,13
186,113
36,148
400,42
258,271
501,15
627,514
604,136
158,287
598,219
24,414
57,643
142,59
128,238
128,672
128,238
128,672
33,126
211,417
144,210
263,405
47,673
299,162
28,175
142,162
158,4
107,102
59,231
469,143
64,524
366,69
60,626
628,32
195,674
584,31
78,575
179,57
145,287
38,248
170,359
185,26
77,151
97,218
410,421
405,210
101,203
629,176
40,519
225,316
222,485
630,249
631,188
96,226
23,271
28,77
166,32
240,72
328,210
316,272
195,8
246,17
373,47
632,229
303,492
95,6
142,675
390,26
633,210
47,390
110,300
84,464
118,39
126,94
197,496
100,249
447,194
235,148
557,191
72,491
72,110
72,491
72,110
128,149
158,371
303,354
50,298
246,516
85,88
246,232
1,168
348,359
348,651
348,359
348,651
72,15
508,112
237,508
463,225
313,218
313,255
313,218
313,255
206,171
72,37
185,219
557,116
113,39
208,203
270,175
59,676
59,315
59,676
59,315
634,405
576,406
137,101
162,471
14,677
285,258
250,389
245,186
116,372
201,611
635,309
211,642
636,22
18,48
234,3
358,326
637,161
271,1
521,210
405,44
369,248
14,235
175,512
283,296
104,20
24,329
50,98
24,144
320,318
565,212
638,471
176,44
130,390
197,31
245,123
555,384
590,55
580,209
97,226
499,18
138,97
478,443
101,121
242,92
568,422
475,152
246,65
104,452
104,31
104,452
104,31
639,13
419,226
67,504
96,32
640,268
62,21
297,46
373,304
534,286
113,57
543,539
641,646
617,33
166,216
642,92
55,31
55,432
55,168
55,31
55,432
55,168
55,31
55,432
55,168
144,175
157,229
414,256
558,5
558,392
558,5
558,392
201,237
59,167
53,381
494,285
95,678
631,161
68,74
643,679
238,134
644,142
181,121
16,229
543,20
645,220
294,680
294,435
294,680
294,435
151,495
151,180
151,109
151,495
151,180
151,109
151,495
151,180
151,109
568,264
590,216
159,186
646,188
66,6
322,273
162,632
337,148
353,534
28,25
357,681
647,242
51,210
248,63
280,248
195,201
104,24
274,66
96,356
648,39
580,338
637,15
287,483
247,571
14,139
14,682
79,6
14,139
14,682
649,208
337,286
337,138
337,286
337,138
32,395
73,478
56,244
434,25
124,209
218,365
186,13
59,192
16,683
30,229
84,313
378,684
620,117
620,194
620,117
620,194
320,596
416,110
472,208
571,221
34,45
294,32
84,404
373,518
388,30
646,134
12,72
138,346
215,472
241,362
168,41
116,32
650,121
88,312
80,685
80,351
80,685
80,351
197,69
230,61
168,496
45,56
319,45
59,328
651,424
651,104
651,424
651,104
525,73
116,72
261,577
534,248
81,331
55,117
5,554
139,392
259,31
498,533
498,192
472,417
507,117
321,57
347,203
116,389
15,686
317,566
652,214
470,192
59,262
404,110
404,375
404,110
404,375
84,362
55,210
472,552
260,679
128,58
224,46
631,160
381,301
653,523
588,549
588,528
588,549
588,528
128,31
214,276
116,139
50,148
515,138
25,216
287,91
654,259
637,389
46,17
544,105
84,338
59,139
147,445
2,20
51,582
99,168
20,188
373,191
255,268
279,247
345,641
345,687
345,349
345,641
345,687
345,349
345,641
345,687
345,349
221,21
256,338
28,226
534,156
471,139
655,138
183,287
536,53
536,284
536,53
536,284
245,122
160,242
181,388
15,621
245,98
533,180
64,77
64,367
64,77
64,367
161,39
62,134
96,386
45,125
75,77
262,39
83,54
656,315
208,116
143,128
143,545
143,128
143,545
619,503
619,62
619,503
619,62
229,338
584,628
584,600
584,628
584,600
657,248
658,219
84,135
44,229
75,596
59,13
34,92
234,306
72,287
402,204
543,390
59,324
261,188
73,315
418,269
397,90
445,47
15,646
339,168
302,443
486,185
131,218
458,326
535,595
60,196
560,212
430,222
258,122
195,221
192,121
279,152
15,220
299,280
299,13
299,280
299,13
15,640
659,15
216,22
14,219
588,72
199,42
217,65
25,117
28,64
310,203
310,160
310,535
310,203
310,160
310,535
310,203
310,160
310,535
660,15
171,67
153,3
153,294
153,3
153,294
28,134
379,465
40,64
422,180
143,315
216,98
410,376
195,216
197,191
197,477
197,191
197,477
197,229
157,8
263,210
259,256
353,15
661,215
504,15
601,181
601,470
601,621
601,181
601,470
601,621
601,181
601,470
601,621
14,6
221,315
245,130
36,186
267,77
61,611
298,183
250,245
560,258
188,518
435,486
116,86
116,121
60,296
608,203
84,426
662,176
589,116
270,383
64,123
583,443
28,187
61,352
33,376
118,410
257,688
198,420
663,548
134,309
16,414
414,4
337,248
411,144
558,25
42,59
312,117
28,15
21,216
394,6
223,15
116,309
157,258
281,162
34,241
279,603
15,56
575,305
161,258
25,540
664,77
211,287
166,218
308,45
54,72
125,210
116,27
547,201
276,352
63,335
97,41
106,129
588,17
534,115
60,74
281,155
215,262
200,79
410,45
665,421
65,222
280,111
128,226
607,18
108,115
179,15
153,40
313,194
101,256
166,142
666,212
40,588
603,248
163,278
289,79
7,24
88,499
19,124
61,218
667,20
165,77
54,202
77,363
501,231
225,45
129,414
104,285
498,285
498,545
498,285
498,545
184,98
583,438
401,544
373,139
166,46
668,309
668,218
668,309
668,218
196,97
192,45
192,17
192,45
192,17
53,689
59,15
26,110
51,72
234,105
195,67
85,108
186,394
186,117
186,191
186,394
186,117
186,191
186,394
186,117
186,191
662,272
662,464
662,272
662,464
669,338
650,388
33,276
604,83
388,49
20,216
20,198
20,216
20,198
53,59
372,296
337,12
65,97
248,115
14,10
297,219
93,42
237,60
174,275
670,278
150,690
147,83
671,245
54,42
187,148
137,186
360,376
38,59
101,586
405,115
384,13
147,496
53,405
129,167
672,125
533,324
673,4
28,691
204,437
183,362
183,460
183,362
183,460
120,405
560,167
114,17
387,382
369,668
373,272
1,692
65,65
271,32
319,286
97,516
674,105
201,104
59,215
373,201
346,305
407,97
56,113
169,515
130,263
86,182
181,200
221,156
73,112
9,238
9,392
9,238
9,392
174,210
16,278
226,72
226,595
226,72
226,595
170,541
170,67
170,541
170,67
158,106
438,585
357,139
97,73
128,182
128,263
128,693
469,54
628,147
153,210
59,123
588,194
1,122
1,694
1,122
1,694
563,593
84,45
84,286
84,46
84,45
84,286
84,46
84,45
84,286
84,46
215,236
336,384
166,17
147,328
490,125
490,628
490,125
490,628
116,218
549,32
624,248
64,565
97,45
662,315
397,31
121,115
122,111
33,285
555,644
263,388
96,286
261,561
66,695
178,218
255,406
255,145
255,406
255,145
616,162
616,339
616,162
616,339
30,230
97,696
69,687
69,349
69,687
69,349
14,121
208,20
513,17
277,12
104,113
217,37
193,346
28,38
675,697
376,315
327,72
294,162
68,124
215,192
397,145
646,561
470,475
470,17
470,475
470,17
651,423
676,309
489,72
624,49
110,498
634,59
85,535
92,55
172,314
147,244
59,85
89,276
601,297
499,405
73,272
195,219
76,443
84,202
84,269
84,267
84,303
84,202
84,269
84,267
84,303
84,202
84,269
84,267
84,303
84,202
84,269
84,267
84,303
571,102
410,698
117,154
117,90
117,154
117,90
629,24
83,191
385,185
374,98
194,284
129,272
677,121
53,676
157,415
39,371
68,45
10,125
116,333
22,27
49,256
568,496
189,318
189,414
73,98
462,44
59,61
108,62
148,18
33,549
47,208
45,252
588,98
61,232
237,210
505,116
57,53
151,111
8,431
262,258
101,382
501,45
351,20
678,168
550,699
68,56
226,303
50,628
252,104
482,191
549,18
163,130
237,665
326,252
133,700
241,72
241,284
241,72
241,284
33,286
33,45
33,286
33,45
560,58
44,603
222,386
116,161
132,17
274,344
69,324
417,304
329,31
175,517
550,15
61,104
28,701
96,228
128,669
143,244
679,67
317,702
556,666
556,658
556,666
556,658
77,53
619,703
587,25
245,704
424,57
292,672
292,221
292,672
292,221
72,641
91,336
20,705
11,543
585,229
125,525
144,192
144,238
144,192
144,238
420,32
232,210
568,72
28,303
28,57
28,303
28,57
195,286
195,576
195,576
195,128
195,286
195,576
195,576
195,128
195,286
195,576
195,576
195,128
195,286
195,576
195,576
195,128
651,294
155,175
28,74
333,186
578,37
28,55
28,92
28,55
28,92
16,31
11,207
237,62
230,123
47,139
53,214
47,388
536,72
215,169
203,148
93,706
144,30
33,38
252,8
41,63
47,377
643,121
402,292
84,383
646,291
116,599
189,368
40,417
624,207
350,287
32,707
194,349
246,188
533,135
680,226
78,49
206,452
681,525
681,303
681,525
681,303
134,8
134,284
134,8
134,284
533,401
533,189
533,401
533,189
543,296
364,125
260,390
14,708
130,602
177,82
267,292
267,582
267,292
267,582
116,214
96,296
101,504
192,115
28,290
471,317
53,405
33,39
363,276
335,64
335,666
335,64
335,666
183,210
183,573
183,210
183,573
612,13
24,12
18,283
115,15
21,17
298,117
104,39
259,88
226,6
457,465
606,709
211,210
682,226
15,638
78,194
302,345
302,572
302,345
302,572
78,544
374,216
374,388
374,216
374,388
373,710
683,186
39,96
617,309
617,219
617,309
617,219
577,271
81,498
81,547
81,475
81,498
81,547
81,475
81,498
81,547
81,475
186,711
235,31
430,424
225,45
560,305
639,162
53,115
128,25
662,65
215,453
600,516
72,62
225,65
179,162
195,543
681,623
101,309
646,415
287,500
191,397
267,115
195,39
63,359
63,547
63,359
63,547
84,579
86,59
84,278
101,712
684,53
685,679
68,15
470,328
470,210
470,328
470,210
23,440
217,125
273,508
165,66
25,98
28,65
202,162
85,242
85,72
85,242
85,72
549,147
182,142
182,641
182,142
182,641
295,162
103,104
15,214
61,212
242,263
53,162
28,219
686,216
271,549
305,110
274,17
33,191
47,198
47,229
47,198
47,229
179,216
245,3
40,139
114,65
7,216
362,17
157,287
372,713
88,26
197,279
56,274
192,97
654,191
128,200
646,523
16,224
550,6
390,110
61,272
75,543
53,333
683,189
280,306
159,244
24,338
59,397
206,714
629,461
629,79
629,461
629,79
533,210
237,145
206,715
150,238
257,456
128,156
427,506
235,328
499,121
435,57
379,24
266,116
289,63
583,407
97,122
97,463
97,122
97,463
498,448
486,491
543,65
215,135
238,33
153,124
687,66
73,37
173,123
688,275
215,193
185,716
84,275
281,296
84,609
51,57
689,280
187,153
499,45
197,72
40,284
601,551
585,326
412,77
534,63
84,19
597,509
166,169
137,650
230,254
430,209
68,388
137,105
690,74
263,33
230,326
93,152
691,105
691,229
691,105
691,229
128,115
293,72
692,216
133,213
452,299
61,663
18,192
18,136
18,192
18,136
326,293
112,446
483,248
621,334
499,335
208,269
65,31
73,17
324,259
59,135
40,202
299,121
41,299
513,175
181,182
273,168
42,44
195,229
288,309
693,516
181,171
414,57
694,32
47,313
131,600
320,185
122,326
307,610
18,602
153,356
431,219
137,391
390,55
244,717
84,718
200,389
284,222
86,538
20,1
223,719
163,336
86,691
553,496
553,289
553,496
553,289
214,390
397,104
366,91
387,174
25,126
265,263
258,720
695,407
695,721
695,407
695,721
108,225
15,221
92,105
351,417
231,491
231,105
151,518
231,491
231,105
106,311
628,219
609,391
384,326
644,144
235,280
181,61
245,26
437,148
166,496
242,20
169,363
398,121
366,11
366,590
366,11
366,590
436,46
436,216
436,46
436,216
194,233
236,29
696,158
144,55
181,688
557,221
88,225
88,722
88,697
88,614
88,225
88,722
88,697
88,614
88,225
88,722
88,697
88,614
88,225
88,722
88,697
88,614
238,704
533,73
159,606
75,188
530,334
527,8
321,484
470,562
510,62
544,298
22,263
88,236
129,371
432,263
543,153
633,69
360,7
484,600
237,335
194,508
147,123
410,272
365,55
141,259
131,6
15,227
412,216
189,98
697,254
299,97
299,723
299,97
299,723
183,724
146,112
340,540
241,262
259,338
236,193
35,703
210,121
210,475
210,121
210,475
147,372
64,439
511,297
511,201
511,62
511,297
511,201
511,62
511,297
511,201
511,62
230,273
68,56
582,118
128,464
560,481
588,318
115,240
486,527
311,143
148,307
69,20
59,278
63,280
215,365
293,423
12,336
385,17
108,153
163,637
238,176
661,55
158,381
391,53
468,69
54,103
293,248
86,86
556,139
153,309
169,258
19,395
237,571
357,504
170,381
181,242
181,464
66,242
66,2
181,242
181,464
66,242
66,2
213,725
284,186
284,153
284,186
284,153
305,31
615,720
615,544
615,720
615,544
40,584
259,256
675,104
583,263
431,66
321,30
557,465
557,176
557,465
557,176
307,193
230,215
195,318
19,443
68,687
210,688
210,222
210,688
210,222
53,208
533,62
197,32
619,63
44,325
486,203
23,318
141,210
301,303
301,497
301,20
301,303
301,497
301,20
301,303
301,497
301,20
163,203
346,376
698,216
429,148
429,210
429,148
429,210
217,158
308,181
470,246
346,15
270,39
271,25
593,46
287,167
54,287
299,280
82,361
272,655
472,424
699,210
317,186
204,197
348,248
272,314
472,276
137,148
553,276
553,421
553,276
553,421
25,320
110,273
298,246
448,57
571,136
571,219
571,136
571,219
259,212
25,223
139,726
305,72
506,198
506,464
506,32
506,255
506,267
506,198
506,464
506,32
506,255
506,267
506,198
506,464
506,32
506,255
506,267
506,198
506,464
506,32
506,255
506,267
506,198
506,464
506,32
506,255
506,267
320,727
422,72
90,602
516,110
103,68
129,216
112,98
270,121
85,210
355,246
211,132
246,317
355,432
635,275
280,7
165,12
385,31
351,728
307,269
407,252
101,703
374,511
700,604
580,165
483,194
591,229
346,465
346,159
346,465
346,159
245,25
598,190
595,48
620,116
330,252
453,134
215,322
77,518
380,309
624,293
466,240
466,678
466,240
466,678
321,729
82,492
75,218
126,216
101,527
209,476
470,57
443,147
86,39
347,284
429,210
31,148
701,115
68,186
303,359
351,730
110,117
194,553
455,329
25,259
165,15
397,50
29,57
294,39
14,286
14,72
14,286
14,72
280,405
206,331
420,162
596,511
293,72
418,110
34,300
138,248
25,97
702,221
242,25
237,62
394,498
394,339
394,17
394,498
394,339
394,17
394,498
394,339
394,17
134,522
636,92
116,176
224,731
344,54
388,365
31,143
91,732
91,191
91,732
91,191
91,54
205,70
337,105
20,139
192,59
153,254
108,72
122,496
134,115
363,169
517,57
305,262
28,216
28,258
28,216
28,258
181,318
209,121
466,322
124,70
113,45
118,579
643,497
68,271
59,68
19,354
201,314
349,31
25,418
195,105
47,171
134,733
202,214
34,259
615,105
109,18
587,227
59,144
83,72
455,120
463,285
463,118
463,285
463,118
124,72
35,260
45,166
590,415
45,37
223,464
192,637
72,105
619,338
254,72
542,19
703,272
117,293
218,285
648,310
271,204
14,443
113,651
64,386
86,176
524,306
20,474
197,134
112,223
127,298
195,477
209,210
543,45
84,25
68,287
139,734
419,310
47,309
47,121
47,309
47,121
357,405
704,386
235,17
84,88
181,24
515,258
137,92
237,273
301,336
163,4
146,73
546,256
546,389
546,256
546,389
153,220
410,135
622,201
85,22
270,544
31,188
242,20
77,90
77,121
77,90
77,121
121,45
174,384
6,62
106,371
115,263
27,163
48,143
113,687
203,471
186,254
400,177
282,116
282,110
282,116
282,110
1,382
250,599
334,162
84,367
101,595
110,17
301,329
391,175
338,735
128,86
273,203
163,304
455,15
455,471
455,15
455,471
58,26
144,455
256,62
321,390
14,341
14,229
14,341
14,229
211,186
181,58
259,72
221,64
374,219
245,57
277,125
118,121
215,208
637,77
216,207
46,15
532,252
525,372
270,23
270,320
270,23
270,320
133,521
601,44
181,52
237,139
294,62
280,736
59,320
77,496
242,472
242,62
242,472
242,62
101,129
342,26
106,21
242,25
701,344
588,125
588,498
588,125
588,498
302,162
195,737
241,6
289,295
66,12
263,90
197,334
106,171
61,147
303,167
705,354
230,48
45,210
14,384
47,176
202,10
201,340
397,8
237,113
77,209
96,229
632,111
270,216
241,452
241,388
241,452
241,388
373,620
64,181
88,433
179,31
706,279
19,170
151,186
106,134
115,65
501,491
108,333
131,390
666,69
381,65
116,615
457,228
273,522
209,339
496,254
134,148
213,116
55,6
707,108
144,222
230,72
230,284
230,72
230,284
201,711
201,318
201,711
201,318
676,259
295,407
295,287
295,407
295,287
14,68
456,72
547,388
547,130
547,388
547,130
94,284
259,229
57,405
100,167
189,389
189,45
189,389
189,45
128,229
70,229
11,57
209,26
557,191
615,63
2,77
14,291
161,376
519,65
401,115
195,331
97,165
297,222
64,195
549,61
211,216
22,27
259,69
166,443
154,331
154,151
154,331
154,151
627,155
290,447
242,229
31,62
353,98
61,453
568,619
339,66
148,279
193,170
147,397
488,97
533,162
431,229
60,222
131,162
84,72
441,310
14,65
30,166
171,151
100,54
97,391
169,298
692,303
608,496
59,517
354,20
237,583
192,470
327,57
173,6
527,13
424,9
56,102
173,662
470,111
128,88
544,275
246,609
336,183
21,258
68,384
594,13
175,74
214,405
568,57
19,738
20,125
272,451
407,129
242,31
703,116
34,255
18,217
273,252
601,418
555,70
281,67
78,166
175,31
47,238
47,61
47,238
47,61
123,105
260,520
468,105
479,222
633,149
144,256
144,268
144,256
144,268
708,721
573,162
255,456
163,252
519,31
540,48
280,188
643,491
53,278
20,295
475,109
603,167
283,221
283,32
283,221
283,32
100,69
175,533
7,169
72,517
133,72
279,50
189,261
460,159
460,17
460,159
460,17
281,23
483,739
271,740
250,175
619,65
178,56
131,212
709,92
710,161
15,77
45,318
14,314
624,188
590,176
237,200
560,155
270,309
77,59
397,62
303,67
111,32
111,464
111,32
111,464
143,122
468,438
150,542
205,662
5,318
59,73
662,31
185,741
194,363
224,116
69,314
183,148
557,64
78,256
78,229
78,256
78,229
27,57
280,81
177,537
242,139
64,88
86,427
407,235
95,167
711,117
174,31
546,242
26,434
712,153
451,205
713,182
158,186
23,39
192,74
197,315
497,295
592,191
189,73
40,15
108,229
379,48
379,46
379,48
379,46
555,78
332,187
47,407
195,90
149,653
88,285
166,108
77,198
69,239
321,116
270,568
215,221
215,644
215,221
215,644
116,33
327,199
79,200
424,125
664,309
20,287
40,236
542,143
120,17
714,203
88,68
638,65
231,414
245,113
302,553
317,291
688,167
284,180
131,414
209,240
447,365
346,742
351,318
550,156
271,571
715,320
312,17
261,314
142,417
60,466
101,532
15,63
15,375
15,63
15,375
283,1
47,187
661,298
355,314
530,1
224,110
19,210
239,67
333,292
587,425
96,68
375,63
195,110
696,280
189,323
189,203
583,743
601,188
234,168
716,105
436,53
321,744
126,254
533,336
717,545
559,282
58,222
237,15
13,68
189,214
176,92
326,24
261,213
121,215
148,384
295,505
237,74
573,573
195,229
101,309
492,214
59,116
59,316
59,331
59,116
59,316
59,331
59,116
59,316
59,331
163,258
536,171
192,535
193,395
84,470
414,121
615,148
560,105
15,745
81,685
225,67
486,746
438,600
144,175
251,161
271,662
112,248
266,216
472,162
165,484
391,405
365,227
138,24
329,465
329,31
329,465
329,31
624,125
280,671
602,252
602,550
602,252
602,550
85,168
429,12
369,110
1,98
608,201
681,242
295,44
176,309
130,111
47,322
162,361
694,252
179,115
462,479
462,144
462,205
462,479
462,144
462,205
462,479
462,144
462,205
259,269
197,511
557,175
215,139
667,97
45,515
689,371
263,349
349,76
13,20
181,461
181,437
181,461
181,437
142,255
73,407
468,248
59,310
59,732
59,310
59,732
283,98
209,369
263,46
288,148
181,268
181,309
181,268
181,309
28,123
35,255
52,73
699,176
308,367
378,53
258,44
665,297
575,127
441,263
344,212
215,415
155,186
704,384
88,321
260,39
611,194
93,123
93,216
93,123
93,216
263,229
36,221
332,188
183,392
235,258
276,433
276,229
276,433
276,229
345,216
215,643
220,65
251,46
116,210
96,105
250,205
88,62
272,6
84,314
471,112
388,74
104,83
286,295
536,326
718,146
431,1
601,494
91,248
582,39
246,122
248,388
248,57
248,388
248,57
339,262
258,133
62,18
59,105
54,373
483,443
184,30
245,94
270,125
71,143
104,110
719,322
128,154
43,267
560,368
189,121
146,365
209,177
484,46
484,658
484,46
484,658
366,115
366,162
366,115
366,162
181,284
84,344
86,104
93,39
167,218
109,467
283,373
109,392
245,17
413,365
387,747
257,496
366,314
534,148
307,260
534,105
305,62
209,91
271,377
583,32
259,252
676,59
144,311
308,255
429,422
251,632
86,480
101,69
128,177
165,500
480,167
222,405
9,73
284,117
284,216
445,391
28,153
659,525
164,36
571,212
221,62
471,470
438,109
294,421
294,162
294,421
294,162
59,522
540,27
16,49
560,420
580,621
246,140
492,122
77,216
91,97
195,105
575,315
353,394
353,449
353,394
353,449
20,389
720,218
169,89
44,619
155,55
19,280
189,713
225,330
20,109
36,73
376,65
627,314
131,45
298,12
122,287
69,694
69,248
69,694
69,248
45,33
410,156
88,273
161,295
12,117
181,59
12,45
183,161
422,208
611,216
66,477
66,169
196,105
66,477
66,169
153,227
53,117
65,338
714,436
64,171
362,39
167,566
75,95
607,280
98,311
194,520
151,362
123,153
350,209
350,371
350,209
350,371
47,473
326,192
197,27
125,145
125,252
125,145
125,252
165,324
694,117
112,200
127,69
298,259
721,191
167,521
61,419
416,115
79,545
79,239
79,545
79,239
722,162
318,201
329,73
329,229
329,104
329,73
329,73
329,229
329,104
329,73
329,73
329,229
329,104
329,73
329,73
329,229
329,104
329,73
78,246
78,252
78,246
78,252
633,70
146,329
50,231
519,15
220,366
264,252
313,65
70,475
70,573
70,475
70,573
325,365
436,273
7,554
88,519
261,175
550,226
294,175
540,748
147,236
204,69
271,615
414,740
247,263
486,262
106,167
157,26
247,304
556,129
346,492
647,293
206,371
536,156
558,301
270,267
465,518
398,69
258,706
203,309
203,73
203,309
203,73
177,410
400,606
583,209
118,725
723,46
93,735
147,749
115,88
283,431
564,67
315,272
115,221
203,143
146,98
163,349
77,149
447,695
447,116
447,695
447,116
337,20
195,271
376,149
1,328
235,390
243,10
201,432
201,356
201,432
201,356
250,515
662,90
259,210
95,117
692,252
180,209
434,504
271,510
287,264
692,96
442,156
289,531
289,687
289,531
289,687
267,28
267,116
267,28
267,116
646,6
365,115
168,280
543,540
588,74
291,146
101,415
544,624
113,209
263,298
422,106
323,521
724,214
181,66
137,405
53,289
185,12
629,229
230,484
210,115
384,219
84,192
90,240
536,155
197,330
204,405
80,532
54,195
374,37
295,320
195,210
41,188
40,577
15,666
153,209
299,680
187,286
114,221
88,253
160,391
247,15
192,39
568,405
112,6
475,33
255,70
41,138
177,295
15,287
15,51
15,287
15,51
113,13
550,462
608,259
163,162
344,101
279,571
115,63
238,374
197,139
75,58
14,240
659,98
310,189
165,123
84,466
611,194
215,132
178,521
587,14
289,166
365,534
455,31
455,310
455,31
455,310
40,229
301,280
48,388
48,541
48,388
48,541
263,471
189,405
375,249
70,185
70,742
70,185
70,742
166,359
534,331
153,189
456,491
320,20
298,278
555,555
665,12
247,496
280,296
556,392
68,15
549,168
588,176
298,155
192,623
607,267
607,168
607,267
607,168
59,259
85,292
265,105
303,148
311,221
701,452
714,750
69,210
18,219
234,13
247,655
326,263
107,219
690,366
327,72
201,139
201,612
201,139
201,612
670,45
134,389
725,72
195,216
422,333
31,65
350,31
583,365
583,652
583,365
583,652
429,347
68,56
294,251
374,143
73,371
436,117
424,519
568,32
128,188
259,57
123,258
64,751
64,405
64,751
64,405
166,414
719,43
274,170
378,151
134,473
82,8
483,641
402,460
166,586
412,322
412,491
412,322
412,491
617,309
80,152
163,65
97,258
84,318
84,701
84,318
84,701
166,384
356,148
726,642
681,669
298,389
472,32
498,619
498,442
498,619
498,442
150,467
425,121
245,497
225,209
157,183
185,59
103,59
722,421
263,147
267,424
8,290
40,12
139,565
259,392
558,405
134,20
442,210
41,153
138,12
2,210
714,67
185,443
117,411
555,564
557,31
82,377
407,335
407,270
407,335
407,270
47,287
177,262
333,656
305,4
517,143
97,155
293,391
80,341
131,485
131,125
131,485
131,125
61,381
407,31
398,57
68,484
14,384
572,547
452,455
84,586
57,425
286,98
149,273
412,13
199,550
399,309
714,210
176,91
116,333
101,303
86,384
183,44
420,12
368,2
472,98
108,318
321,67
195,166
195,542
195,166
195,542
276,528
273,45
238,119
215,196
250,372
53,20
168,389
547,322
17,102
113,45
220,111
239,139
198,67
540,91
192,17
192,255
192,17
192,255
25,309
80,105
325,47
325,73
325,47
325,73
38,117
84,226
216,710
355,21
167,264
61,147
184,18
633,135
709,18
41,277
557,229
285,12
256,477
521,433
660,359
51,326
6,454
6,89
6,454
6,89
617,298
138,214
364,326
364,73
364,326
364,73
14,338
259,658
259,110
259,658
259,110
134,121
96,564
521,7
727,53
220,73
64,403
63,115
142,77
470,103
654,574
557,424
155,116
147,590
646,484
260,725
5,392
11,207
53,515
317,447
187,215
20,132
150,38
195,752
68,104
53,152
50,443
357,201
72,139
226,194
34,162
73,443
532,275
290,244
88,226
262,116
292,519
292,246
292,519
292,246
606,147
259,32
540,309
20,92
651,390
116,608
59,448
59,418
59,448
59,418
378,2
356,275
244,603
54,317
441,326
372,253
208,271
195,102
186,152
612,148
632,66
105,24
274,161
15,278
124,354
129,371
242,183
259,129
583,61
280,388
199,121
6,358
6,194
6,358
6,194
40,325
174,269
84,58
187,201
118,325
144,372
437,397
437,176
437,397
437,176
536,168
270,267
16,210
619,65
619,308
619,65
619,308
681,26
607,334
13,27
124,753
492,167
216,54
28,39
245,727
155,226
323,383
680,123
691,32
19,105
202,69
706,344
73,185
73,207
73,185
73,207
714,339
40,520
59,65
510,42
8,153
143,272
28,754
467,15
357,688
624,538
382,392
466,139
60,755
68,229
183,268
183,77
183,268
183,77
374,565
124,392
28,97
504,280
716,2
288,154
230,39
205,697
54,176
163,443
466,60
258,151
206,756
237,110
300,15
409,115
147,139
424,388
31,526
230,593
192,65
131,757
150,413
27,44
104,229
394,292
615,44
127,15
258,422
440,162
728,86
155,443
241,101
128,285
534,296
635,229
126,115
238,62
36,255
476,325
47,286
246,208
472,131
32,68
45,72
416,248
416,431
416,248
416,431
107,167
237,359
73,344
524,53
263,20
236,217
13,346
189,68
351,79
695,465
174,139
506,148
506,452
506,301
506,358
506,148
506,452
506,301
506,358
506,148
506,452
506,301
506,358
506,148
506,452
506,301
506,358
68,42
78,89
259,286
259,75
259,286
259,75
494,354
472,21
12,113
607,31
300,272
604,609
557,189
411,1
40,143
147,244
270,125
30,94
295,189
290,758
302,115
45,339
357,203
535,123
502,115
24,695
161,236
148,170
279,509
59,651
59,67
59,651
59,67
265,349
96,57
295,414
73,371
55,258
55,203
55,258
55,203
81,470
16,53
16,388
16,53
16,388
663,358
436,267
96,50
56,515
40,92
672,72
165,493
78,151
230,521
142,168
345,549
549,49
270,59
187,161
187,561
242,367
643,299
112,311
447,121
2,161
380,336
432,169
641,139
388,24
504,422
545,188
35,33
447,50
148,70
30,72
158,180
240,194
376,86
533,604
179,32
179,498
179,32
179,498
369,105
179,246
97,242
226,367
226,256
627,196
226,367
226,256
700,602
179,65
303,338
451,135
250,104
616,252
588,105
77,10
220,105
320,110
320,219
320,110
320,219
461,695
153,285
81,105
147,261
19,2
24,72
28,66
178,309
293,125
360,255
729,17
69,229
70,92
209,575
204,51
34,24
292,61
189,248
691,256
691,47
691,256
691,47
462,420
62,455
108,422
164,502
303,392
333,278
431,150
431,24
431,150
431,24
36,655
730,65
115,18
582,390
87,176
122,221
9,117
488,299
53,74
116,42
93,445
225,4
20,409
129,169
381,55
731,57
497,180
40,754
643,585
643,250
643,585
643,250
366,108
366,98
366,108
366,98
33,148
186,18
285,130
426,142
146,167
201,451
560,450
56,327
294,759
57,134
116,145
61,643
466,195
399,280
47,130
16,677
166,519
617,512
185,124
676,573
263,69
55,334
55,198
55,334
55,198
362,686
177,171
270,59
51,258
84,31
323,760
184,336
112,152
537,194
463,77
77,443
165,40
126,154
59,637
483,92
688,217
688,666
688,217
688,666
40,191
251,327
666,375
666,41
666,375
666,41
116,86
88,416
116,187
436,309
346,15
185,296
203,168
106,70
153,531
153,747
153,531
153,747
81,408
81,320
81,408
81,320
19,392
409,183
63,31
63,535
63,191
63,31
63,535
63,191
63,31
63,535
63,191
271,97
472,45
176,72
518,62
2,203
627,105
549,92
25,162
494,130
494,293
494,130
494,293
41,750
84,632
370,92
144,119
75,59
64,92
209,363
114,162
63,287
577,69
346,275
131,217
131,242
131,217
131,242
288,237
311,9
277,97
472,255
131,252
273,198
394,700
92,301
47,417
143,222
143,218
121,40
730,414
69,216
211,192
620,94
732,242
270,216
125,105
42,424
42,20
42,424
42,20
193,62
81,98
533,761
85,337
208,162
67,473
250,209
40,511
128,264
185,337
185,666
185,337
185,666
40,516
40,363
40,516
40,363
351,153
245,762
536,309
148,197
96,123
9,144
67,71
88,763
61,322
61,3
61,322
61,3
64,447
195,90
60,123
411,175
540,696
161,656
543,288
294,191
290,499
97,392
116,307
733,44
599,592
54,144
404,188
164,494
14,309
259,320
93,500
56,415
402,610
199,263
374,330
242,604
40,104
40,67
40,104
40,67
97,764
260,494
681,574
88,522
232,405
303,187
588,32
215,397
195,92
599,200
101,592
195,155
379,740
379,258
379,275
379,740
379,258
379,275
379,740
379,258
379,275
260,484
444,146
557,44
84,315
374,201
28,68
84,57
64,115
607,765
181,29
89,97
101,336
279,451
734,214
84,339
540,148
735,384
556,15
78,123
50,398
244,260
138,457
95,202
97,436
97,15
97,436
97,15
466,320
378,105
533,32
82,8
61,578
152,125
97,273
335,547
100,693
128,215
715,98
544,200
138,262
557,87
41,371
268,25
273,168
33,515
499,67
512,252
506,272
78,229
24,758
28,634
125,31
282,293
282,309
282,293
282,309
98,377
736,280
40,527
472,196
331,700
97,518
1,272
34,472
271,637
540,372
147,249
267,328
542,649
166,121
12,54
241,62
61,6
346,31
113,116
77,309
394,599
189,335
422,403
437,250
437,395
437,250
437,395
547,203
95,201
241,97
488,700
85,223
511,15
245,390
19,309
237,58
230,282
117,1
147,382
126,462
454,373
267,155
60,216
184,216
186,309
447,194
366,569
54,167
737,216
155,357
607,168
98,92
153,218
406,443
294,663
438,212
22,448
195,77
173,212
738,76
738,151
738,535
738,122
738,76
738,151
738,535
738,122
738,76
738,151
738,535
738,122
738,76
738,151
738,535
738,122
739,663
518,31
59,325
328,57
683,301
335,273
690,610
324,160
453,236
288,132
84,367
9,210
484,139
85,263
301,72
291,35
302,61
470,148
69,766
568,161
84,15
189,8
93,618
280,540
531,365
646,577
61,309
163,65
55,262
379,248
214,509
72,262
155,135
458,309
678,32
571,65
347,74
177,665
473,530
143,248
174,177
124,97
607,115
54,383
397,393
101,98
23,487
15,229
144,123
69,421
69,308
69,421
69,308
201,244
236,439
45,83
510,394
262,191
580,443
501,2
740,210
193,65
533,289
431,62
351,310
654,229
716,548
589,296
447,13
14,223
75,572
118,352
300,219
34,217
36,73
84,582
327,77
327,256
327,77
327,256
187,442
187,4
187,442
187,4
40,57
717,104
717,17
717,104
717,17
447,246
226,210
236,526
85,647
379,209
307,313
131,12
143,117
65,55
741,371
585,129
11,534
676,365
183,183
722,201
116,296
742,443
203,199
270,237
108,186
287,152
404,57
404,424
404,57
404,424
203,63
203,23
203,63
203,23
544,57
261,202
288,77
101,205
246,599
620,1
15,451
583,528
438,162
16,86
20,69
93,103
67,63
18,544
439,316
66,176
609,153
635,50
354,20
237,610
110,147
165,203
743,455
547,241
547,59
547,241
547,59
681,74
568,188
209,427
66,229
302,229
546,404
348,65
86,389
45,499
28,425
28,349
28,110
28,349
28,110
209,186
360,480
713,262
629,176
578,37
274,132
84,57
150,1
24,53
303,148
252,691
245,688
245,127
245,688
245,127
587,481
267,185
33,334
115,284
422,561
78,17
624,126
363,291
151,45
380,17
353,267
63,316
63,143
63,316
63,143
441,9
690,669
54,175
185,123
284,741
156,135
279,233
35,152
28,256
155,18
744,104
270,214
394,326
376,162
535,309
215,32
89,171
184,31
57,129
506,210
62,25
684,156
148,336
77,284
220,491
158,205
533,500
170,390
61,191
178,130
339,44
339,50
28,496
339,44
339,50
575,45
381,116
259,149
431,438
473,16
588,20
59,229
337,117
13,70
345,617
205,521
459,274
26,280
390,74
42,460
583,275
20,730
228,464
86,92
225,32
724,563
28,192
226,238
244,229
139,143
294,309
273,286
129,108
463,125
402,257
221,125
729,116
80,302
96,714
694,117
694,302
694,117
694,302
647,102
137,111
416,304
245,271
324,174
1,276
703,72
745,259
179,162
24,97
237,67
237,4
237,67
237,4
155,201
115,71
115,144
115,283
115,71
115,144
115,283
115,71
115,144
115,283
85,686
288,325
580,390
69,767
288,439
746,496
28,443
321,222
108,14
108,171
201,209
303,20
270,470
17,31
87,17
208,57
195,196
199,358
199,465
199,358
199,465
142,77
142,64
142,77
142,64
152,156
615,88
28,231
110,135
231,187
376,270
17,33
580,315
166,92
646,196
43,229
84,470
78,168
176,175
100,143
372,68
138,500
176,544
386,296
747,15
215,148
215,98
215,148
215,98
61,210
224,240
110,509
187,189
194,82
228,79
462,414
222,413
85,86
424,121
681,47
14,768
55,518
543,309
31,604
195,135
44,158
279,282
557,32
682,77
305,17
34,650
176,160
84,61
84,33
61,135
629,53
40,68
422,506
20,207
75,452
61,303
557,57
557,269
557,57
557,269
62,238
186,263
44,150
365,587
211,229
200,188
67,311
377,113
20,286
28,319
298,219
271,637
77,59
499,644
436,248
287,153
20,295
281,218
147,220
97,45
183,110
436,218
436,203
436,218
436,203
274,769
123,42
80,97
41,221
63,252
59,190
59,549
59,190
59,549
741,280
47,153
318,293
252,295
242,500
153,37
40,186
264,56
117,280
470,428
169,46
498,258
119,177
424,242
133,24
36,310
748,26
179,102
153,346
590,156
53,260
518,176
749,138
50,44
40,522
313,216
606,456
25,13
346,98
374,535
580,336
237,250
142,279
467,267
540,762
232,1
45,244
394,370
543,148
557,17
183,433
40,28
101,72
294,2
294,46
294,2
294,46
167,287
97,22
18,658
18,17
18,658
18,17
580,365
85,424
77,2
508,456
750,376
365,372
666,359
666,191
666,357
666,359
666,191
666,357
666,359
666,191
666,357
144,502
237,416
71,110
163,18
453,49
20,296
114,362
394,522
713,59
584,55
110,13
384,202
273,97
101,770
98,565
177,83
676,402
215,439
88,191
165,203
208,26
45,287
521,96
521,421
521,96
521,421
560,318
116,637
706,657
369,309
170,168
160,148
218,171
560,205
40,348
158,302
158,268
158,302
158,268
751,258
166,148
163,479
163,262
163,479
163,262
555,550
333,517
281,329
47,210
168,69
394,41
131,438
131,268
131,438
131,268
752,209
32,262
492,216
155,456
351,57
125,111
325,31
301,39
318,258
23,112
16,331
296,329
96,229
333,155
490,296
16,162
498,90
158,77
70,300
517,72
266,125
654,433
47,74
200,44
179,17
158,405
540,218
334,219
192,547
192,408
192,162
192,547
192,408
192,162
192,547
192,408
192,162
188,771
279,68
210,176
12,285
37,446
8,259
156,259
354,160
354,57
354,160
354,57
19,346
101,275
189,527
564,170
691,147
108,205
128,74
73,335
217,2
737,28
472,91
28,57
261,229
82,264
624,162
90,68
271,120
93,405
299,77
442,143
237,96
237,320
237,344
237,218
237,303
237,96
237,320
237,344
237,218
237,303
237,96
237,320
237,344
237,218
237,303
237,96
237,320
237,344
237,218
237,303
237,96
237,320
237,344
237,218
237,303
110,67
272,590
331,88
646,530
56,8
299,12
288,47
676,669
77,422
705,139
16,65
645,125
14,258
753,351
148,102
148,156
148,102
148,156
305,497
696,365
641,92
612,761
461,189
141,6
219,72
101,162
202,56
536,31
36,498
439,143
271,140
258,218
462,448
146,263
63,98
25,267
123,12
183,658
173,743
51,138
174,248
571,248
217,76
385,191
385,118
385,258
385,191
385,118
385,258
385,191
385,118
385,258
246,451
398,395
398,485
398,395
398,485
474,729
59,377
511,57
194,17
116,227
569,433
189,44
73,284
73,475
73,326
73,284
73,475
73,326
73,284
73,475
73,326
587,68
590,65
276,657
276,124
276,657
276,124
140,500
137,405
142,210
215,475
159,171
289,643
77,279
153,18
175,98
665,520
248,115
40,390
265,311
63,494
311,104
25,69
32,421
564,452
564,138
564,452
564,138
470,37
106,129
62,336
302,394
302,191
302,394
302,191
245,371
155,407
34,318
45,569
45,561
45,569
45,561
304,12
304,552
304,12
304,552
344,123
43,105
95,490
189,59
136,92
237,572
77,287
691,252
77,275
44,557
513,146
340,628
340,723
340,628
340,723
91,116
40,263
692,259
84,597
301,309
331,305
45,732
665,309
17,105
217,278
338,116
65,637
80,328
268,392
206,29
336,318
220,65
164,260
241,65
84,378
357,155
86,520
297,229
333,692
326,176
171,72
250,53
532,31
377,170
56,187
351,3
533,284
533,256
533,284
533,256
117,209
580,59
99,148
560,349
357,417
1,69
113,280
128,772
694,273
193,491
659,8
230,359
84,126
345,15
97,273
600,142
626,148
291,384
77,284
45,32
175,50
31,144
24,216
45,222
362,773
612,13
276,535
276,696
276,535
276,696
33,643
506,215
525,131
36,216
86,50
77,131
68,615
299,128
84,177
646,274
293,516
59,230
59,212
59,230
59,212
125,587
365,262
311,653
633,156
374,432
63,168
28,538
61,420
68,424
68,226
68,424
68,226
475,520
96,121
47,46
354,302
133,259
434,116
703,371
556,320
459,669
245,599
64,56
208,111
245,72
663,131
620,436
754,395
713,231
376,121
189,70
660,125
684,191
128,774
244,123
93,209
161,3
374,112
128,145
656,231
122,334
122,297
122,334
122,297
60,166
93,253
61,49
156,532
117,62
84,236
166,320
342,31
317,33
703,138
619,320
24,65
755,68
333,61
61,20
601,174
648,414
231,511
163,214
152,275
149,229
64,229
163,349
634,32
18,397
18,69
18,397
18,69
195,725
580,114
217,126
110,168
280,315
560,226
259,359
540,480
45,267
45,229
45,267
45,229
78,105
147,280
147,573
147,48
147,280
147,573
147,48
147,280
147,573
147,48
18,221
225,320
225,5
225,320
225,5
61,522
131,309
264,390
199,70
540,31
17,438
134,309
245,98
214,132
462,33
93,186
195,57
185,152
20,621
195,405
624,69
144,20
205,226
308,349
155,472
73,326
73,160
73,326
73,160
51,216
78,401
432,102
16,73
556,571
35,361
24,341
129,129
258,249
288,637
15,125
431,171
59,90
66,393
66,479
66,393
66,479
24,619
84,577
428,63
284,212
298,341
40,320
61,244
654,59
175,547
225,45
23,259
282,159
282,322
282,159
282,322
61,705
131,203
247,326
44,531
208,81
557,544
533,117
174,45
174,46
174,45
174,46
358,121
258,280
315,67
116,366
533,254
61,63
294,40
294,252
294,40
294,252
134,571
260,83
195,442
210,696
612,423
47,384
260,575
268,105
407,122
163,37
190,9
53,68
68,72
33,451
459,279
310,775
108,229
183,32
183,303
183,32
183,303
381,389
163,168
301,20
273,156
40,57
230,210
363,653
66,254
302,17
193,389
416,45
93,626
246,216
68,126
246,765
28,238
28,192
28,238
28,192
203,169
218,161
176,434
633,92
633,264
157,354
134,139
106,653
106,76
106,653
106,76
246,515
523,515
178,31
709,329
709,239
709,61
709,329
709,239
709,61
709,329
709,239
709,61
41,121
195,517
393,282
40,12
376,184
307,15
221,162
564,83
609,300
22,365
211,530
84,272
241,227
163,424
201,110
260,263
568,55
271,540
206,359
13,371
69,229
24,410
609,553
432,776
77,320
128,117
127,207
75,73
27,421
82,349
307,610
88,542
7,191
7,136
7,191
7,136
300,392
756,176
470,170
241,275
139,191
700,44
515,190
168,203
68,226
138,18
115,729
53,126
144,576
144,138
144,576
144,138
40,77
23,198
150,193
41,514
63,12
120,112
65,344
533,44
307,237
606,171
75,259
265,216
402,456
50,72
310,258
237,31
24,573
606,777
181,61
441,392
271,440
326,392
295,343
96,518
580,272
88,315
70,17
556,198
225,15
68,417
116,280
8,341
508,395
95,254
87,585
87,176
87,585
87,176
320,242
320,46
320,242
320,46
54,451
73,115
557,276
507,259
45,106
14,17
245,20
259,72
137,45
703,67
521,270
46,121
32,77
376,2
363,438
363,73
363,438
363,73
332,752
246,226
559,279
273,66
531,167
751,186
72,301
23,455
126,309
126,436
126,309
126,436
308,122
45,264
84,71
222,413
662,218
107,267
107,20
107,267
107,20
262,147
60,42
455,422
98,195
64,194
331,557
137,66
270,15
116,174
193,259
95,79
550,278
86,341
194,401
28,162
40,377
333,473
555,201
47,185
131,129
131,24
236,171
64,249
236,361
241,460
258,476
513,778
70,252
707,289
707,545
707,329
707,289
707,545
707,329
707,289
707,545
707,329
55,311
41,207
41,779
41,207
41,779
607,544
284,45
307,594
175,349
175,535
175,349
175,535
757,57
195,552
195,322
195,552
195,322
108,344
591,113
20,14
84,387
245,32
88,98
260,510
608,761
608,148
608,761
608,148
241,278
128,604
516,161
540,278
388,18
459,292
137,167
644,391
21,309
709,219
514,63
57,31
28,148
186,621
123,527
12,62
51,397
51,98
51,485
51,397
51,98
51,485
51,397
51,98
51,485
147,108
59,209
535,171
433,143
255,212
64,599
68,156
195,780
162,157
407,543
151,39
280,50
144,249
179,45
61,175
15,15
15,73
15,15
15,73
357,26
181,443
553,694
170,781
553,1
487,45
487,433
487,45
487,433
356,218
302,290
41,125
200,264
173,98
68,309
128,186
6,268
6,32
6,268
6,32
11,62
88,25
564,143
357,9
304,440
304,18
304,440
304,18
612,550
237,441
65,652
311,62
196,32
124,2
116,46
161,94
758,426
166,51
166,720
166,348
166,51
166,720
166,348
166,51
166,720
166,348
514,231
610,244
98,233
112,754
162,106
96,124
61,561
246,97
58,40
335,184
93,260
16,31
166,287
206,287
606,402
97,318
15,82
15,188
15,82
15,188
133,292
245,57
209,309
58,62
245,156
17,331
88,459
759,485
402,61
197,263
17,545
331,621
89,32
116,511
230,62
433,143
87,53
87,229
87,160
87,53
87,229
87,160
87,53
87,229
87,160
669,69
124,45
33,365
263,101
174,30
486,496
28,181
362,542
298,443
666,168
128,596
116,540
294,406
294,519
294,406
294,519
282,12
40,782
91,221
439,210
357,359
144,390
59,496
232,783
45,365
116,228
471,566
43,384
215,258
388,429
140,170
26,200
26,784
26,200
26,784
250,318
300,368
300,238
300,368
300,238
133,443
200,12
200,420
200,12
200,420
181,572
356,728
131,31
372,299
372,110
372,299
372,110
126,92
53,171
223,571
78,23
88,315
299,63
252,315
373,219
402,68
286,490
410,223
80,20
37,83
146,448
386,572
302,326
40,299
510,335
28,315
2,185
84,140
35,8
251,253
95,148
175,407
414,654
170,403
360,267
106,12
85,368
378,194
195,134
28,703
147,99
72,189
659,73
18,98
583,70
72,562
320,785
144,16
260,169
101,222
234,32
540,68
536,314
246,596
86,572
148,55
166,311
632,62
25,454
178,141
178,658
178,540
178,141
178,658
178,540
178,141
178,658
178,540
134,279
33,30
33,198
33,30
33,198
529,442
583,86
543,49
106,167
328,144
651,218
633,70
696,102
135,296
95,716
55,39
176,368
360,758
666,344
279,643
708,120
585,202
585,472
585,202
585,472
604,256
116,573
116,123
149,77
760,309
424,229
176,33
39,21
131,156
44,335
482,74
155,104
155,104
155,104
155,104
415,153
8,90
247,219
292,229
69,17
237,231
676,729
429,117
231,520
203,59
93,187
583,72
148,272
455,416
95,515
168,486
60,766
237,376
237,154
237,376
237,154
584,226
447,514
463,326
344,45
223,439
209,315
163,31
374,105
514,92
137,15
322,117
322,115
322,117
322,115
208,258
194,619
45,377
368,66
436,366
81,454
290,786
679,477
52,102
40,673
247,366
247,254
247,366
247,254
293,268
292,320
657,194
547,229
80,280
144,17
142,280
142,20
142,280
142,20
297,743
453,44
466,72
276,17
228,318
681,135
14,125
547,298
60,34
97,122
376,98
300,373
260,787
82,221
245,472
143,24
47,25
63,497
396,129
683,9
12,336
379,65
186,198
209,175
28,344
164,582
84,267
314,198
324,72
308,57
33,712
206,788
502,639
36,189
377,6
442,147
680,72
680,286
680,72
680,286
455,328
321,229
441,268
64,181
163,404
585,422
84,134
759,31
127,117
112,143
84,66
503,271
234,298
122,620
82,258
555,255
192,210
59,45
289,515
69,6
745,69
689,168
761,414
245,68
185,187
89,256
142,359
142,658
142,359
142,658
683,20
185,225
127,135
703,594
431,149
276,334
588,264
762,435
139,68
77,307
97,280
588,627
53,132
206,162
237,368
567,254
65,148
129,229
211,188
31,84
331,758
225,72
98,109
534,460
147,260
549,194
13,44
571,90
346,12
281,59
116,46
84,110
241,259
84,604
204,547
101,219
144,176
44,279
311,262
85,68
233,296
372,742
246,318
23,308
245,574
245,574
245,574
245,574
128,49
128,267
128,49
128,267
175,45
348,22
318,83
763,789
619,471
61,304
117,6
422,105
186,175
146,187
129,309
314,202
77,20
7,712
261,429
679,15
141,24
77,76
70,110
191,268
335,518
301,42
64,187
20,405
189,59
113,258
32,376
302,258
151,392
131,117
237,583
23,184
300,142
37,105
118,2
15,203
241,310
185,63
264,529
254,110
198,72
112,77
83,368
23,572
23,609
23,572
23,609
161,390
225,251
198,286
571,62
294,278
104,200
116,104
310,33
55,62
764,155
84,164
77,110
587,203
20,99
128,353
292,660
69,592
580,254
279,618
633,39
45,258
55,486
55,31
55,486
55,31
606,559
28,584
33,13
280,210
557,57
197,104
588,216
25,315
373,320
262,790
429,2
28,303
28,486
28,303
28,486
606,446
53,68
14,52
353,522
196,153
660,657
660,23
660,657
660,23
568,171
153,595
101,423
646,15
374,596
457,72
273,176
47,227
93,394
230,168
293,121
25,97
524,530
753,182
195,335
61,575
601,16
439,67
439,121
439,67
439,121
40,334
646,188
230,335
63,1
192,155
77,70
77,37
556,791
28,186
424,215
455,32
543,57
15,150
64,223
64,554
64,366
64,223
64,554
64,366
64,223
64,554
64,366
531,28
531,77
531,28
531,77
598,474
166,57
59,21
250,369
41,216
15,73
620,303
487,252
418,162
40,248
625,286
625,46
625,286
625,46
756,49
69,222
699,229
699,104
699,229
699,104
765,792
206,105
497,39
497,24
497,39
497,24
619,69
283,216
540,422
483,227
6,156
237,77
17,89
560,162
565,116
422,494
766,325
767,59
725,31
3,69
236,793
267,438
69,167
54,476
175,216
175,212
424,259
43,401
34,72
36,325
550,148
550,421
550,148
550,421
77,32
497,480
447,43
325,293
206,229
250,59
601,775
408,25
231,44
271,794
636,256
684,219
20,383
571,10
163,519
279,795
580,179
89,426
540,134
624,229
740,228
472,628
57,102
438,653
40,92
206,15
294,369
271,298
139,186
54,68
64,244
534,12
98,365
13,50
13,210
13,284
13,198
13,50
13,210
13,284
13,198
13,50
13,210
13,284
13,198
13,50
13,210
13,284
13,198
54,470
95,696
226,650
226,48
226,650
226,48
245,259
575,175
556,187
632,280
533,431
161,470
2,411
34,65
284,191
417,200
297,296
534,246
534,576
534,246
534,576
103,285
558,716
404,277
65,210
702,496
535,564
768,4
546,132
769,287
94,320
112,32
165,359
555,126
374,775
32,309
24,298
54,522
163,70
57,492
164,377
194,57
333,517
10,24
607,248
89,371
87,145
87,13
87,145
87,13
106,83
472,12
422,494
487,216
287,156
382,73
382,77
382,73
382,77
106,68
47,483
68,473
250,183
690,6
65,219
665,242
665,367
665,47
665,242
665,367
665,47
665,242
665,367
665,47
663,424
663,269
663,424
663,269
451,271
32,17
34,28
397,432
689,68
245,573
245,90
245,573
245,90
172,267
624,246
770,12
701,121
701,217
701,121
701,217
147,193
237,320
237,97
23,651
624,796
85,57
45,258
520,478
550,8
16,148
16,44
16,148
16,44
646,155
117,136
163,797
175,296
85,310
543,264
342,227
472,401
261,145
35,336
243,191
517,218
703,161
57,328
560,161
36,62
580,516
107,121
250,59
631,139
589,69
224,334
41,45
41,176
41,45
41,176
627,439
546,175
69,264
134,38
193,136
280,62
20,304
85,152
152,418
40,649
206,460
250,105
106,688
285,69
583,201
194,200
202,148
602,202
297,280
32,592
237,191
163,366
163,191
163,366
163,191
350,118
147,516
47,254
543,83
391,62
767,226
129,68
40,331
280,194
714,57
147,296
114,83
646,114
646,96
646,114
646,96
175,20
134,384
69,15
468,616
376,83
565,460
603,185
378,202
214,24
646,153
343,628
343,72
343,628
343,72
50,7
20,521
88,107
560,473
663,105
39,284
39,198
39,284
39,198
585,15
356,388
15,72
139,637
558,380
271,152
15,516
20,201
703,210
665,293
271,164
91,383
88,798
373,367
208,309
656,67
134,501
42,211
583,415
134,31
138,686
290,426
543,334
100,252
100,69
100,252
100,69
460,17
301,171
438,12
438,75
438,12
438,75
40,426
94,356
271,30
714,62
419,196
92,45
157,176
237,799
20,423
129,186
178,30
206,688
728,68
542,433
279,607
662,210
662,269
662,303
662,210
662,269
662,303
662,210
662,269
662,303
175,320
269,413
710,18
431,550
245,378
659,55
20,105
152,420
747,70
620,199
620,530
620,199
620,530
11,438
525,57
147,139
549,547
226,32
140,22
506,201
40,61
120,118
663,168
557,315
202,12
374,56
751,326
243,15
673,65
657,371
550,8
407,102
161,768
761,361
624,210
232,55
232,339
232,55
232,339
557,242
172,248
582,62
200,311
226,475
170,17
43,72
297,45
602,98
39,503
657,264
281,318
163,280
24,517
57,208
570,378
681,194
751,322
345,309
40,273
279,195
691,735
77,66
616,545
40,284
483,436
483,210
483,436
483,210
681,67
277,20
69,280
4,68
4,234
4,68
4,234
288,11
19,455
543,800
659,77
424,15
397,524
41,620
54,33
695,414
678,65
165,162
652,110
297,69
560,520
83,12
54,224
88,596
45,594
64,97
284,202
543,134
19,47
19,154
19,47
19,154
601,575
381,168
271,409
482,70
103,276
45,692
82,236
24,322
474,258
47,56
385,309
112,33
267,216
19,26
183,710
24,20
77,15
639,32
95,65
77,69
533,59
702,57
16,599
540,89
117,181
88,381
422,99
280,252
88,632
588,229
137,217
20,466
614,194
614,176
614,194
614,176
284,529
224,341
224,289
224,341
224,289
378,59
646,422
91,732
91,24
91,732
91,24
163,55
47,501
393,24
307,263
771,260
194,754
194,801
394,31
394,395
394,31
394,395
659,72
35,196
303,256
303,364
303,256
303,364
374,584
356,44
517,410
509,254
162,789
64,53
388,436
447,210
77,216
77,296
85,590
772,63
535,390
483,330
54,174
633,17
407,3
77,57
138,338
245,226
175,37
162,802
47,110
472,658
558,400
24,203
653,12
567,59
254,280
598,498
135,650
175,67
47,504
356,473
220,280
267,147
271,98
590,276
279,310
115,712
560,600
23,803
252,345
194,33
85,184
694,59
694,4
694,59
694,4
630,68
543,586
376,309
628,3
261,376
163,98
490,121
293,168
47,384
490,148
307,656
42,216
376,20
376,24
376,20
376,24
559,42
216,228
172,69
45,78
175,53
422,83
412,309
374,275
32,50
32,284
32,45
32,50
32,284
32,45
32,50
32,284
32,45
175,111
41,252
165,152
40,252
40,609
358,169
388,449
388,111
388,666
388,463
388,449
388,111
388,666
388,463
388,449
388,111
388,666
388,463
388,449
388,111
388,666
388,463
645,474
773,104
773,229
773,104
773,229
373,156
446,128
206,147
271,32
280,214
277,216
21,17
451,264
54,586
468,167
365,96
365,518
365,96
365,518
419,272
490,275
422,222
194,2
64,223
330,57
312,326
284,459
243,514
472,339
294,12
251,132
214,359
214,51
214,359
214,51
45,213
54,429
64,633
436,44
484,582
635,162
193,33
34,391
45,19
31,371
585,148
24,20
379,69
389,359
397,98
653,98
637,318
24,148
193,138
95,32
23,89
678,63
115,422
766,77
722,92
68,322
463,186
175,202
598,156
310,405
714,226
335,175
208,692
366,351
366,252
366,351
366,252
636,32
636,436
636,90
636,32
636,436
636,90
129,65
636,32
636,436
636,90
16,24
607,216
77,392
672,269
287,169
511,558
95,56
112,59
662,391
662,57
662,108
662,391
662,57
662,108
662,391
662,57
662,108
304,17
583,296
376,92
68,435
68,632
68,435
68,632
294,185
9,217
280,324
388,29
40,460
40,392
40,460
40,392
534,221
546,119
45,105
483,259
42,415
701,203
163,229
271,31
48,55
487,153
58,111
297,74
178,194
570,130
21,170
496,389
307,249
163,72
623,424
623,90
623,424
623,90
372,319
16,77
47,465
47,250
47,250
47,465
47,250
47,250
47,465
47,250
47,250
285,48
40,57
211,804
501,37
94,805
19,440
564,147
106,273
16,514
494,203
540,187
45,296
269,285
540,449
467,390
504,248
630,582
237,198
472,203
229,764
307,480
106,70
397,57
175,42
652,309
659,156
82,58
20,105
20,267
20,105
20,267
589,124
54,494
91,37
407,144
201,511
261,70
484,204
688,59
510,219
161,130
673,13
379,70
683,219
468,98
122,539
691,229
201,372
290,120
543,210
431,217
165,427
294,160
287,278
53,656
678,455
534,151
534,248
534,151
534,248
472,32
393,224
373,258
40,53
293,73
194,92
558,202
374,62
250,410
250,272
250,471
250,410
250,272
250,471
250,410
250,272
250,471
15,806
115,537
608,218
615,69
58,148
357,264
357,807
357,264
357,807
769,17
632,209
357,147
637,175
20,613
163,572
365,1
741,216
643,499
32,92
245,424
40,494
271,267
1,583
1,97
1,583
1,97
445,44
142,219
619,246
619,45
619,246
619,45
65,263
531,56
245,117
653,307
472,775
85,38
267,545
305,116
507,12
593,32
774,740
47,116
431,13
70,72
85,44
237,62
263,17
214,349
368,267
484,17
484,397
484,388
484,17
484,397
484,388
484,17
484,397
484,388
202,336
65,496
311,663
466,361
612,525
263,207
263,141
263,207
263,141
718,196
601,333
353,105
560,642
36,104
36,229
36,104
36,229
701,70
268,808
442,164
101,471
101,420
101,471
101,420
86,549
155,410
696,535
43,272
153,269
85,345
85,278
85,345
85,278
30,147
166,670
418,233
450,45
247,104
281,311
422,180
156,45
230,63
555,271
381,111
112,64
680,139
411,256
411,72
411,256
411,72
646,83
271,181
580,186
289,667
521,71
305,218
431,285
237,12
200,326
608,92
236,521
580,263
19,223
272,186
223,123
224,31
138,336
271,115
580,424
580,433
580,104
580,424
580,433
580,104
580,424
580,433
580,104
152,65
91,101
23,194
426,24
153,202
206,124
31,408
31,53
31,408
31,53
148,210
559,30
45,177
134,775
67,439
6,273
549,7
549,15
549,7
549,15
270,367
246,646
258,391
166,121
695,344
587,500
609,224
54,22
211,112
512,222
512,345
512,222
512,345
20,321
368,111
311,72
225,73
77,252
77,116
77,252
77,116
20,218
556,228
598,242
541,263
292,758
297,170
470,451
176,339
298,59
16,227
40,320
215,20
458,615
657,229
321,2
608,115
356,139
701,550
100,229
214,258
521,273
4,355
237,191
89,365
470,422
289,107
129,652
16,707
62,105
342,149
219,66
122,45
712,153
219,139
165,209
694,116
267,105
363,32
45,359
34,189
270,210
724,74
288,263
241,36
211,10
434,514
560,236
197,55
381,108
381,496
381,108
381,496
577,203
91,479
91,169
91,479
91,169
374,237
166,287
241,13
233,217
166,414
533,348
390,219
560,20
321,554
13,643
139,500
209,15
558,138
472,424
321,115
137,68
23,492
147,487
137,56
75,280
45,692
31,273
31,619
31,735
31,273
31,619
31,735
31,273
31,619
31,735
267,143
651,472
651,472
651,472
651,472
112,148
62,414
204,133
246,186
376,147
30,208
216,45
10,162
656,200
510,121
148,6
565,56
775,250
485,338
139,450
303,280
621,12
106,71
724,319
292,358
543,223
246,200
100,18
270,642
192,316
72,328
181,278
150,67
546,187
15,305
82,473
187,208
107,57
436,55
394,241
31,170
230,761
431,77
182,392
169,592
197,341
73,400
499,496
408,130
294,518
579,191
284,777
641,147
246,512
40,422
160,436
225,275
19,67
225,62
706,455
10,324
85,57
245,73
492,358
206,507
458,304
429,450
471,568
310,252
271,619
338,275
607,104
607,125
607,104
607,125
20,405
501,98
422,32
144,280
156,72
138,200
467,10
368,394
368,63
368,394
368,63
752,210
200,171
548,742
85,83
6,194
559,517
2,73
39,254
362,123
271,35
371,295
155,654
161,405
156,529
115,272
373,321
659,55
557,574
241,65
550,73
189,203
643,576
643,252
643,576
643,252
245,65
68,267
374,766
206,252
136,65
190,336
522,203
436,53
604,409
504,544
378,168
311,121
40,278
175,203
32,148
155,168
402,186
213,228
411,55
234,255
374,494
39,170
237,718
724,6
24,222
270,253
254,118
20,656
150,341
15,160
556,255
556,228
556,573
556,255
556,228
556,573
556,255
556,228
556,573
588,57
607,72
236,473
631,105
8,110
54,70
533,809
302,524
40,686
422,139
181,2
595,72
368,628
246,378
394,15
546,284
546,367
546,77
546,73
546,284
546,367
546,77
546,73
546,284
546,367
546,77
546,73
546,284
546,367
546,77
546,73
223,233
496,371
311,401
484,152
525,619
525,191
525,619
525,191
42,141
73,208
260,259
16,284
16,759
16,284
16,759
42,176
139,419
466,153
155,256
564,183
58,201
178,309
98,19
211,712
281,115
106,70
633,263
633,161
608,448
305,657
305,142
305,657
305,142
142,153
2,104
2,46
2,284
2,104
2,46
2,284
2,104
2,46
2,284
267,70
80,296
577,391
163,309
317,112
215,643
384,362
422,188
776,472
676,537
114,593
187,712
68,517
238,549
627,517
676,55
134,527
70,273
471,718
535,56
232,259
42,405
607,57
657,331
268,280
726,115
144,734
73,181
300,692
245,78
580,267
716,121
411,551
20,572
646,330
181,348
181,450
181,348
181,450
176,523
472,27
537,121
246,97
595,228
64,42
31,262
483,390
75,98
241,560
241,201
241,560
241,201
624,412
40,252
661,242
70,431
533,419
377,20
103,97
75,210
217,263
218,139
137,188
397,400
40,166
588,98
94,31
321,167
148,92
31,218
138,97
264,186
45,148
167,195
168,422
394,106
501,175
85,121
213,4
213,547
213,4
213,547
110,73
642,151
642,24
642,151
642,24
161,317
73,1
45,215
402,413
55,318
767,58
267,96
110,125
19,144
325,531
326,313
54,195
356,248
550,155
189,134
482,62
114,294
161,608
303,17
501,529
493,391
401,203
45,479
200,499
106,9
77,323
85,593
294,268
709,98
138,311
134,169
55,478
88,323
70,256
40,193
401,506
465,388
246,52
651,520
192,151
187,26
295,326
106,210
557,229
271,176
226,290
187,219
64,185
6,465
6,128
6,20
6,465
6,128
6,20
6,465
6,128
6,20
64,264
601,401
601,96
601,401
601,96
88,632
487,138
152,256
64,692
234,59
95,180
226,222
226,498
226,222
226,498
1,73
577,69
558,125
54,147
73,191
73,535
73,191
73,535
307,572
210,450
62,57
607,210
405,337
438,32
287,56
85,57
302,309
153,678
201,148
579,515
155,24
458,248
139,272
32,144
530,504
174,381
422,267
422,105
422,267
422,105
325,276
546,429
72,341
72,72
72,286
72,341
72,72
72,286
72,341
72,72
72,286
284,471
669,1
453,399
434,153
77,619
77,144
77,619
77,144
546,6
181,739
85,115
237,40
637,17
691,254
317,167
175,521
478,189
144,272
377,171
533,201
147,352
536,377
218,4
607,280
381,362
777,242
144,2
577,17
281,59
281,117
281,59
281,117
20,271
214,531
462,259
398,272
231,762
260,268
260,229
260,268
260,229
80,115
142,267
177,252
162,336
695,73
374,309
142,279
714,73
157,53
666,436
399,270
153,72
456,229
112,341
112,326
112,341
112,326
171,256
270,72
57,470
287,382
64,326
298,229
506,255
41,135
455,766
300,183
301,188
301,514
85,203
216,49
192,248
474,87
170,392
265,44
159,228
112,326
112,389
112,326
112,389
629,3
225,262
703,269
373,131
164,216
173,237
88,438
498,200
52,135
85,318
387,33
206,268
206,46
206,268
206,46
217,64
360,353
301,323
471,24
148,144
424,576
484,263
16,345
64,249
283,113
231,728
217,219
53,315
72,50
593,600
695,464
769,628
31,302
1,326
155,46
263,189
176,479
181,482
181,345
181,482
181,345
283,24
183,519
185,216
174,336
558,264
590,48
260,352
690,810
387,208
40,651
40,406
40,651
40,406
64,768
466,187
251,471
736,153
181,226
538,604
155,2
247,168
247,284
247,168
247,284
274,256
556,55
556,408
556,55
556,408
559,262
559,150
559,262
559,150
211,651
88,313
340,101
6,450
520,336
778,104
778,268
778,104
778,268
487,13
293,45
300,105
300,201
300,105
300,201
580,13
67,225
445,130
474,352
211,115
2,326
187,655
237,531
513,462
192,236
40,466
74,57
32,168
189,783
247,113
112,77
112,121
112,77
112,121
419,417
457,13
85,188
394,728
385,65
237,203
520,473
779,189
583,96
583,628
165,641
583,96
583,628
401,138
560,139
267,560
362,249
565,216
226,604
568,103
702,125
270,17
80,67
148,491
148,104
148,491
148,104
251,575
443,17
69,340
629,15
328,470
144,15
535,97
535,587
535,97
535,587
602,188
646,171
431,756
73,6
73,811
73,6
73,811
780,2
780,270
780,2
780,270
45,517
543,160
268,45
159,77
703,309
185,148
245,219
588,241
286,107
67,306
382,219
106,42
221,544
219,6
781,168
197,637
538,20
147,692
75,469
459,610
333,317
64,125
24,53
53,528
277,153
422,180
272,662
295,7
226,442
166,778
194,613
65,282
112,161
60,242
60,252
60,242
60,252
258,68
88,391
676,210
540,812
402,25
244,83
197,69
89,88
493,62
589,221
444,481
601,90
601,48
601,90
601,48
174,280
148,76
637,667
540,335
138,3
237,63
237,91
101,469
166,98
237,90
350,217
702,259
142,273
110,284
185,515
509,32
362,125
80,280
80,289
80,7
80,280
80,289
80,7
80,280
80,289
80,7
4,103
549,115
565,209
134,377
274,201
472,96
220,790
220,263
220,790
220,263
88,20
87,55
245,15
245,2
245,15
245,2
241,201
211,609
742,336
250,228
209,494
374,517
54,188
60,626
164,521
53,112
559,169
60,226
384,44
407,12
40,13
244,344
101,45
182,1
467,432
357,72
261,296
53,233
202,286
45,226
407,39
177,116
487,393
627,67
627,121
627,67
627,121
344,238
211,813
42,329
71,365
455,438
559,12
706,392
247,105
27,496
218,72
103,17
393,35
775,96
775,116
775,96
775,116
498,248
442,83
185,155
214,479
214,24
214,479
214,24
466,391
335,152
124,315
642,198
141,115
661,414
661,675
661,414
661,675
407,330
206,83
100,272
583,147
53,338
493,814
628,320
34,20
350,62
540,117
166,25
233,226
606,210
384,115
290,390
85,240
106,10
106,160
106,10
106,160
268,26
254,258
254,464
254,464
254,258
254,464
254,464
254,258
254,464
254,464
683,17
444,520
557,272
77,44
142,69
15,295
101,644
237,54
106,199
663,411
609,86
34,144
209,381
166,309
67,218
9,117
217,242
217,198
217,105
217,198
217,242
217,198
217,105
217,198
217,242
217,198
217,105
217,198
217,242
217,198
217,105
217,198
219,343
175,545
148,346
91,147
69,658
560,315
162,315
752,221
782,471
609,714
388,462
252,57
252,293
252,57
252,293
447,15
218,31
13,341
13,309
13,761
13,23
13,341
13,309
13,761
13,23
13,341
13,309
13,761
13,23
13,341
13,309
13,761
13,23
541,524
211,220
659,289
662,8
653,17
757,94
50,31
458,190
468,262
560,98
783,307
511,2
540,325
283,203
557,203
82,180
211,196
6,63
385,411
13,417
607,448
691,55
598,209
333,315
596,4
619,188
211,253
3,223
689,144
183,252
584,155
644,324
490,529
559,651
583,443
784,155
386,545
756,49
574,388
624,212
752,707
377,320
555,171
23,98
333,815
535,388
68,187
34,344
34,44
34,344
34,44
587,605
612,162
584,153
590,303
540,390
608,339
660,544
532,272
250,6
550,45
391,52
710,105
377,160
284,72
400,372
546,187
653,20
652,47
568,350
705,778
34,367
34,267
549,153
581,650
581,329
581,651
581,449
581,650
581,329
581,651
581,449
581,650
581,329
581,651
581,449
581,650
581,329
581,651
581,449
229,392
183,59
534,652
365,544
584,290
763,76
530,142
330,76
546,74
152,2
34,102
607,126
546,644
8,46
671,816
50,496
413,117
535,285
714,170
617,162
540,470
646,711
646,68
646,711
646,68
620,42
689,554
211,292
741,250
333,132
284,329
615,552
333,466
137,338
388,455
756,210
620,428
652,192
254,151
254,144
254,151
254,144
559,50
716,209
326,148
533,191
182,431
182,117
182,431
182,117
593,218
224,817
646,221
691,218
243,192
583,439
580,329
549,532
50,9
532,531
34,63
8,287
570,96
447,309
34,75
34,560
34,75
34,560
540,529
9,213
689,628
568,309
567,188
580,8
699,130
745,62
765,191
560,49
556,199
400,172
134,139
134,686
310,136
310,218
310,136
310,218
431,222
676,123
690,304
157,652
615,148
588,263
400,356
604,472
785,219
646,58
390,71
145,191
611,115
556,24
540,311
595,310
546,229
643,100
34,392
602,189
324,433
324,334
324,433
324,334
756,523
555,105
575,93
333,783
560,726
560,384
385,314
145,8
34,50
183,210
765,231
400,282
536,359
587,33
432,51
432,190
432,51
432,190
714,478
200,349
451,42
575,818
646,37
250,63
390,32
468,223
287,152
619,13
681,498
134,85
657,94
590,344
590,32
590,344
590,32
690,267
690,436
690,267
690,436
533,743
716,63
390,339
568,819
447,87
641,284
636,229
13,45
13,255
13,45
13,255
659,252
261,12
646,80
400,608
583,405
676,775
564,155
283,276
326,576
326,159
326,576
326,159
211,820
643,162
665,432
550,315
604,392
183,105
717,235
169,541
157,105
333,20
533,200
511,448
550,317
759,356
430,472
714,15
535,186
524,70
786,13
575,821
629,436
23,77
310,272
23,390
706,389
706,525
706,389
706,525
729,46
729,55
729,46
729,55
250,224
261,416
644,125
430,143
681,116
765,44
765,252
765,44
765,252
558,125
641,269
624,392
388,65
607,170
305,12
305,547
305,12
305,547
183,32
676,72
580,537
139,656
490,696
182,176
567,83
510,73
646,139
224,32
13,62
542,187
134,451
617,278
604,33
